recipe,family,macro_f1,balanced_accuracy,min_class_recall,recall_Glioma,recall_Meningioma,recall_Pituitary,recall_No-tumor,best_val_f1,edge_preservation
diffusion_i5_k15,anisotropic_diffusion,0.6148382838080448,0.63,0.41333333333333333,0.7866666666666666,0.4533333333333333,0.41333333333333333,0.8666666666666667,0.6148382425308228,0.9368893200183559
diffusion_i20_k15,anisotropic_diffusion,0.6070517018352333,0.6233333333333333,0.4,0.7866666666666666,0.44,0.4,0.8666666666666667,0.6070517301559448,0.8222974128317453
diffusion_i15_k15,anisotropic_diffusion,0.6029112398839802,0.62,0.4,0.7866666666666666,0.4266666666666667,0.4,0.8666666666666667,0.6029112339019775,0.8475061888051997
diffusion_i10_k15,anisotropic_diffusion,0.6025457875457876,0.62,0.37333333333333335,0.7866666666666666,0.4533333333333333,0.37333333333333335,0.8666666666666667,0.6025457978248596,0.8832646773759736
diffusion_i10_k30,anisotropic_diffusion,0.5942643123672324,0.6133333333333333,0.3466666666666667,0.8,0.44,0.3466666666666667,0.8666666666666667,0.5942643284797668,0.7431507721123685
diffusion_i15_k30,anisotropic_diffusion,0.5912095166344783,0.6133333333333334,0.28,0.8133333333333334,0.5066666666666667,0.28,0.8533333333333334,0.5912095308303833,0.6762755609541666
diffusion_i5_k30,anisotropic_diffusion,0.5893554555565337,0.6100000000000001,0.32,0.7866666666666666,0.4666666666666667,0.32,0.8666666666666667,0.58935546875,0.8547208067928077
clahe,clahe,0.5809275525726266,0.5966666666666667,0.3333333333333333,0.7866666666666666,0.4533333333333333,0.3333333333333333,0.8133333333333334,0.5862268805503845,0.942056596090541
wiener,wiener,0.5801367714411193,0.6033333333333333,0.26666666666666666,0.8266666666666667,0.49333333333333335,0.26666666666666666,0.8266666666666667,0.580136775970459,0.9076979733489272
diffusion_i20_k30,anisotropic_diffusion,0.5562330623306233,0.5900000000000001,0.18666666666666668,0.8133333333333334,0.5066666666666667,0.18666666666666668,0.8533333333333334,0.5605159997940063,0.6330740688038456
conventional,none,0.5472995571679782,0.5700000000000001,0.2,0.76,0.5333333333333333,0.2,0.7866666666666666,0.5577271580696106,1.0
log,log,0.4634743043189087,0.5,0.14666666666666667,0.6133333333333333,0.14666666666666667,0.8666666666666667,0.37333333333333335,0.463474303483963,0.6458113368331879
gamma,gamma,0.3761024495254248,0.43000000000000005,0.09333333333333334,0.6533333333333333,0.09333333333333334,0.17333333333333334,0.8,0.43967944383621216,0.8392940626657278
