w_classical,w_spatial,w_quantum,class_name
1.0,4.54229e-08,4.750456e-08,Glioma
0.99999964,1.16131304e-07,2.040595e-07,Pituitary
1.0,2.6344676e-08,5.223758e-08,Pituitary
0.99999917,2.7603576e-07,5.7958954e-07,Pituitary
0.9999999,5.1202395e-08,1.01985755e-07,Pituitary
1.0,1.5058777e-08,3.1333986e-08,Pituitary
1.0,3.405574e-09,3.8581893e-09,Glioma
0.9999999,7.106892e-08,5.9031247e-08,No-tumor
1.0,4.445073e-08,4.3504755e-08,Glioma
0.99999964,1.0586105e-07,2.0967725e-07,Pituitary
0.99999976,8.028424e-08,1.639802e-07,Pituitary
1.0,6.6341856e-09,4.328944e-09,No-tumor
0.9999994,2.0882966e-07,3.6662775e-07,Meningioma
0.99986386,5.41493e-05,8.196224e-05,Meningioma
0.9999558,1.7249195e-05,2.69176e-05,Meningioma
1.0,9.267645e-09,6.544825e-09,No-tumor
1.0,4.5092006e-09,4.132236e-09,Glioma
1.0,4.5683335e-10,4.3369003e-10,Glioma
0.99999726,1.0264847e-06,1.6396173e-06,Meningioma
1.0,2.2381292e-09,1.4467714e-09,No-tumor
0.9999999,4.9428305e-08,9.12663e-08,Pituitary
1.0,1.1943407e-09,1.1186458e-09,Glioma
0.9999975,1.2594209e-06,1.2494174e-06,No-tumor
1.0,5.3156434e-08,4.504183e-08,No-tumor
1.0,4.9154114e-10,2.8847585e-10,No-tumor
1.0,2.141283e-09,1.4516611e-09,No-tumor
0.99999833,5.470995e-07,1.0426994e-06,Meningioma
0.99999666,1.1598138e-06,2.103828e-06,Pituitary
1.0,5.217114e-09,3.4455339e-09,No-tumor
0.9999993,2.3471468e-07,4.2318362e-07,Meningioma
0.99999857,4.8763695e-07,1.0053311e-06,Pituitary
0.99999607,1.4603542e-06,2.5141526e-06,Pituitary
1.0,1.3193151e-08,8.971295e-09,No-tumor
0.9998982,3.9330975e-05,6.250165e-05,Meningioma
0.9999956,1.6332177e-06,2.7707881e-06,Glioma
0.99999976,1.0593841e-07,1.3072071e-07,Glioma
0.99986994,5.238361e-05,7.7681834e-05,Meningioma
1.0,2.941511e-09,3.094394e-09,Glioma
0.99999976,7.356386e-08,1.16774785e-07,Meningioma
1.0,8.08158e-09,5.9664784e-09,No-tumor
0.9999988,4.395018e-07,7.494409e-07,Meningioma
1.0,1.8757902e-08,3.91422e-08,Pituitary
1.0,2.4184732e-08,4.9418414e-08,Pituitary
0.9999943,1.9353618e-06,3.7973e-06,Pituitary
0.99999964,1.5781916e-07,2.7822236e-07,Pituitary
0.9999994,2.1727382e-07,2.9987564e-07,Glioma
0.9999943,2.2050692e-06,3.5730009e-06,Meningioma
1.0,1.4786024e-09,1.4143382e-09,Glioma
1.0,9.182484e-09,1.2357161e-08,Glioma
1.0,3.761769e-09,2.3971172e-09,No-tumor
0.9999969,1.104307e-06,2.059936e-06,Pituitary
0.99999595,2.1448338e-06,1.9144106e-06,No-tumor
0.9999778,7.950085e-06,1.4190601e-05,Pituitary
0.9999999,6.83003e-08,4.893638e-08,No-tumor
0.9999999,4.8357123e-08,6.719128e-08,Glioma
0.9999993,2.8759544e-07,4.545574e-07,Meningioma
0.9999999,3.2165453e-08,6.699382e-08,Pituitary
0.9999982,6.0030357e-07,1.1389533e-06,Meningioma
1.0,1.9121412e-08,4.122539e-08,Pituitary
0.9999981,6.595126e-07,1.2163609e-06,Pituitary
1.0,1.878005e-09,1.1863196e-09,No-tumor
0.9999844,5.616423e-06,9.969424e-06,Meningioma
1.0,8.5490104e-10,5.334428e-10,No-tumor
1.0,3.747373e-10,2.5042812e-10,No-tumor
1.0,7.8720115e-09,9.272066e-09,Glioma
0.9999944,2.1825576e-06,3.449735e-06,Meningioma
0.99999344,2.3149494e-06,4.306087e-06,Pituitary
1.0,2.2661018e-09,2.2069635e-09,Glioma
0.99995565,1.662107e-05,2.7777827e-05,Pituitary
0.99999905,5.0564944e-07,5.30361e-07,No-tumor
0.99999726,8.9933803e-07,1.8010834e-06,Meningioma
1.0,3.0929173e-10,2.9891198e-10,Glioma
0.99998915,4.010234e-06,6.7536894e-06,Pituitary
0.99999964,1.4391952e-07,2.3748966e-07,Meningioma
0.9999999,5.1753016e-08,6.074071e-08,Glioma
0.99999714,9.2253805e-07,1.8518621e-06,Meningioma
0.99999845,5.444653e-07,9.414805e-07,Meningioma
0.99999976,6.144931e-08,6.649199e-08,Glioma
0.9999994,1.836354e-07,3.517727e-07,Meningioma
0.9997862,8.328023e-05,0.00013045938,Meningioma
0.9999958,1.7261576e-06,2.5043191e-06,Glioma
0.9999989,3.8613692e-07,7.290231e-07,Pituitary
0.9999964,1.509054e-06,2.041263e-06,Glioma
0.9999974,9.490835e-07,1.6739281e-06,Pituitary
0.9999951,1.8549869e-06,2.9745459e-06,Glioma
0.99999905,3.0541435e-07,5.9266904e-07,Meningioma
1.0,1.3903914e-09,9.516468e-10,No-tumor
1.0,1.6778785e-08,2.031275e-08,Glioma
1.0,1.0370143e-09,1.1436e-09,Glioma
0.99999976,8.851182e-08,1.725849e-07,Pituitary
0.999949,1.8616278e-05,3.242995e-05,Meningioma
0.99999976,1.0207235e-07,8.096486e-08,No-tumor
0.99999416,2.104252e-06,3.7218579e-06,Pituitary
0.99996436,1.437892e-05,2.1205946e-05,Meningioma
0.9999995,1.7626225e-07,3.1739341e-07,Meningioma
1.0,3.6494985e-08,5.6993187e-08,Glioma
1.0,3.531645e-09,4.561936e-09,Glioma
0.9999844,5.667463e-06,9.858738e-06,Pituitary
0.9995869,0.0001644095,0.00024870117,Meningioma
1.0,1.3785041e-08,1.6569553e-08,Glioma
0.99999785,7.393328e-07,1.4247153e-06,Meningioma
0.999995,2.5014717e-06,2.4459125e-06,No-tumor
0.9999924,2.8880072e-06,4.731273e-06,Meningioma
0.99999475,2.000717e-06,3.2171029e-06,Pituitary
0.9999989,3.6896643e-07,7.4926663e-07,Pituitary
0.99999845,5.7612726e-07,9.796471e-07,Meningioma
0.9999777,8.17435e-06,1.40536995e-05,Meningioma
1.0,6.762763e-09,5.2571796e-09,No-tumor
1.0,3.7496897e-10,2.3082625e-10,No-tumor
1.0,8.815007e-09,1.12668275e-08,Glioma
1.0,1.1103704e-09,1.1042413e-09,Glioma
0.9999999,6.2521856e-08,5.0449454e-08,No-tumor
0.999997,1.0157008e-06,1.96278e-06,Pituitary
1.0,1.736119e-09,1.1673505e-09,No-tumor
0.9999995,2.3951623e-07,1.8357588e-07,No-tumor
0.9999993,2.443511e-07,4.829882e-07,Pituitary
1.0,8.780022e-09,1.0170346e-08,Glioma
0.9999999,4.6333888e-08,6.237797e-08,Glioma
0.99999976,8.8081194e-08,6.27656e-08,No-tumor
1.0,1.6423057e-08,1.2176236e-08,No-tumor
0.9999956,1.4796038e-06,3.0054744e-06,Meningioma
0.99993014,2.9217528e-05,4.0618717e-05,Glioma
0.99999034,3.7851223e-06,5.885828e-06,Glioma
0.9999981,7.378706e-07,1.1977326e-06,Glioma
1.0,5.912066e-10,3.8167308e-10,No-tumor
0.99998224,6.4156784e-06,1.1269363e-05,Meningioma
0.99998844,4.430645e-06,7.200705e-06,Pituitary
1.0,2.3840718e-09,1.6170159e-09,No-tumor
0.9999567,1.7355573e-05,2.5900059e-05,Meningioma
0.99999976,1.07491005e-07,8.671397e-08,No-tumor
0.99991727,3.1660944e-05,5.0975108e-05,Meningioma
1.0,2.2995497e-09,1.4632783e-09,No-tumor
1.0,2.2930424e-08,2.7381486e-08,Glioma
0.99998105,6.687071e-06,1.2273956e-05,Pituitary
1.0,6.221489e-10,3.778753e-10,No-tumor
1.0,1.920405e-08,2.2123551e-08,Glioma
0.9999949,2.1544831e-06,3.0240885e-06,Glioma
1.0,2.630132e-10,2.536567e-10,Glioma
0.99999976,1.4064855e-07,1.4557021e-07,Glioma
1.0,2.0452706e-08,2.3426345e-08,Glioma
0.9999999,3.2210455e-08,6.620663e-08,Pituitary
0.9999893,4.3816785e-06,6.3599527e-06,Glioma
1.0,6.06711e-09,4.5036397e-09,No-tumor
0.99999905,3.5898992e-07,6.508799e-07,Meningioma
0.9999987,4.7626864e-07,8.6067746e-07,Meningioma
1.0,4.420408e-09,4.3300177e-09,Glioma
1.0,4.7261e-08,3.8410903e-08,No-tumor
0.99999917,4.023055e-07,5.1124994e-07,Glioma
0.9999707,1.1192834e-05,1.8111643e-05,Pituitary
1.0,9.78403e-09,6.7326207e-09,No-tumor
0.9999924,2.929394e-06,4.669374e-06,Meningioma
1.0,2.023352e-08,1.6193594e-08,No-tumor
0.9999976,8.116914e-07,1.5752571e-06,Pituitary
0.99999976,1.0587782e-07,1.5076914e-07,Glioma
0.99999964,1.5110597e-07,2.6612423e-07,Meningioma
0.99999976,1.15258565e-07,1.5690898e-07,Glioma
0.99999905,3.4996097e-07,5.906732e-07,Meningioma
1.0,3.661124e-10,3.3686065e-10,Glioma
0.9999993,2.3501369e-07,4.382305e-07,Meningioma
0.9999553,1.7116174e-05,2.7563436e-05,Pituitary
0.9999896,5.684517e-06,4.669054e-06,No-tumor
0.99989116,4.1323307e-05,6.747624e-05,Pituitary
0.9999994,3.144738e-07,2.5152605e-07,No-tumor
0.9999975,9.2511357e-07,1.5926556e-06,Pituitary
1.0,5.7144023e-09,4.375138e-09,No-tumor
0.9999981,6.269774e-07,1.3069089e-06,Pituitary
0.9999999,4.2370868e-08,9.204722e-08,Pituitary
0.99999976,1.000332e-07,8.650037e-08,No-tumor
1.0,2.3397295e-10,1.3741502e-10,No-tumor
0.9999969,1.1553783e-06,1.9278107e-06,Glioma
0.9999727,9.411686e-06,1.78713e-05,Meningioma
0.99999845,6.0112296e-07,9.694322e-07,Meningioma
1.0,1.2878801e-09,1.3601584e-09,Glioma
0.999985,5.465225e-06,9.507455e-06,Pituitary
0.99999523,1.7928454e-06,2.9354876e-06,Pituitary
0.9999994,3.059389e-07,2.7493212e-07,No-tumor
0.99999964,1.2372115e-07,2.4023686e-07,Pituitary
0.99990475,3.8292023e-05,5.6971217e-05,Pituitary
1.0,2.8437381e-09,2.8553966e-09,Glioma
0.99931943,0.0002848697,0.00039572234,Pituitary
0.9999988,4.946228e-07,6.820114e-07,Glioma
0.99999964,1.4640553e-07,2.769908e-07,Pituitary
1.0,3.973889e-08,4.395046e-08,Glioma
1.0,1.4009702e-09,8.694576e-10,No-tumor
0.99999976,6.4460636e-08,1.1910749e-07,Meningioma
0.999992,3.1028728e-06,4.928652e-06,Meningioma
0.99999857,4.8941246e-07,9.0889955e-07,Pituitary
0.9999893,5.642451e-06,5.0860945e-06,No-tumor
0.99999976,1.14351145e-07,8.753454e-08,No-tumor
0.9999913,4.5224324e-06,4.139377e-06,No-tumor
1.0,3.8031328e-11,1.951258e-11,No-tumor
0.99999714,1.107281e-06,1.7564776e-06,Pituitary
0.99999964,9.2935785e-08,1.9161665e-07,Pituitary
0.99999905,3.051628e-07,5.67439e-07,Meningioma
1.0,2.6608724e-09,2.7910767e-09,Glioma
1.0,2.3981415e-09,1.5727756e-09,No-tumor
1.0,2.5376245e-08,5.1291448e-08,Pituitary
1.0,1.3582303e-08,9.6427835e-09,No-tumor
1.0,1.7486087e-08,1.3021924e-08,No-tumor
0.9999505,2.0039062e-05,2.9490086e-05,Meningioma
0.9999989,3.4091548e-07,6.8401044e-07,Pituitary
1.0,7.1641724e-09,5.275944e-09,No-tumor
0.99998796,4.764714e-06,7.3164683e-06,Meningioma
0.99999094,3.6829747e-06,5.323393e-06,Meningioma
1.0,1.5270898e-09,9.685044e-10,No-tumor
0.99999964,1.0000514e-07,1.8880016e-07,Pituitary
1.0,1.27954625e-08,9.701374e-09,No-tumor
0.99999714,9.2625737e-07,1.9645238e-06,Pituitary
0.99999964,1.9281497e-07,1.6873076e-07,No-tumor
0.99999964,1.18257915e-07,1.9737915e-07,Meningioma
0.9999981,6.857525e-07,1.2129599e-06,Pituitary
0.9999995,1.9484011e-07,2.4001014e-07,Glioma
0.9999194,2.9893856e-05,5.0637067e-05,Meningioma
0.9997329,0.000102982434,0.00016412504,Meningioma
0.99998474,6.055558e-06,9.1303755e-06,Meningioma
0.9999989,3.617851e-07,6.7397383e-07,Pituitary
0.99999964,1.7570306e-07,2.0814336e-07,Glioma
0.9999685,1.1789178e-05,1.961002e-05,Pituitary
1.0,3.7278203e-09,3.8983483e-09,Glioma
0.999998,7.466011e-07,1.2810418e-06,Meningioma
0.9999844,5.877166e-06,9.770073e-06,Pituitary
0.9999981,6.2724837e-07,1.354084e-06,Pituitary
0.99999857,4.578562e-07,8.9940863e-07,Pituitary
0.99999905,4.8178043e-07,4.4305628e-07,No-tumor
0.99999964,9.998626e-08,1.8649222e-07,Pituitary
1.0,2.6306687e-10,1.5320399e-10,No-tumor
1.0,4.280265e-09,5.0179674e-09,Glioma
0.99999964,1.09442475e-07,2.2763093e-07,Pituitary
0.99999654,1.1719104e-06,2.284145e-06,Meningioma
1.0,6.03689e-09,7.466617e-09,Glioma
1.0,4.9606887e-09,3.175337e-09,No-tumor
0.99999976,7.821681e-08,1.2377721e-07,Meningioma
0.99999976,1.158667e-07,9.341938e-08,No-tumor
1.0,1.7831301e-09,2.0299804e-09,Glioma
0.9999994,2.0465777e-07,3.2997457e-07,Meningioma
1.0,4.9325912e-09,5.4250537e-09,Glioma
0.9999969,1.2442894e-06,1.9665233e-06,Meningioma
0.9999962,1.2808222e-06,2.5145316e-06,Pituitary
0.9999982,6.903182e-07,1.1166331e-06,Pituitary
0.9999989,3.289652e-07,6.5952196e-07,Pituitary
0.999987,5.1149473e-06,7.833519e-06,Pituitary
0.999997,1.053715e-06,1.9251984e-06,Meningioma
0.9999285,2.79727e-05,4.3550528e-05,Pituitary
1.0,6.85205e-10,6.7619466e-10,Glioma
1.0,1.9542854e-08,1.6788228e-08,No-tumor
0.9999969,1.0275736e-06,2.0311738e-06,Meningioma
0.99999905,3.5134374e-07,6.3060594e-07,Meningioma
1.0,3.7431764e-08,5.2149577e-08,Glioma
1.0,1.2287381e-08,8.755155e-09,No-tumor
0.99999654,1.2773679e-06,2.1839096e-06,Pituitary
0.99860686,0.00059556507,0.0007975665,Pituitary
1.0,3.5307424e-09,2.4863964e-09,No-tumor
0.9999999,4.5245635e-08,8.7391086e-08,Pituitary
0.99999964,1.2196472e-07,1.7995397e-07,Glioma
0.9999945,1.8857112e-06,3.591703e-06,Pituitary
1.0,3.320839e-09,2.2445676e-09,No-tumor
1.0,1.7746215e-08,1.6767459e-08,Glioma
0.99999976,7.764928e-08,6.403932e-08,No-tumor
0.9999994,2.2705892e-07,3.686634e-07,Pituitary
0.99999213,3.0997737e-06,4.807557e-06,Meningioma
1.0,3.9183417e-09,2.9425324e-09,No-tumor
0.9999907,3.2382363e-06,6.030824e-06,Meningioma
0.9999888,3.711764e-06,7.5344474e-06,Pituitary
1.0,6.767163e-09,4.5768305e-09,No-tumor
1.0,4.6132023e-09,3.117177e-09,No-tumor
0.99993503,2.37509e-05,4.119016e-05,Pituitary
0.9999634,1.3914681e-05,2.2677075e-05,Meningioma
0.99999964,1.3757581e-07,2.2647464e-07,Meningioma
0.9992835,0.0003053861,0.00041107324,Meningioma
1.0,5.8441723e-09,7.1464714e-09,Glioma
1.0,4.3576257e-08,3.1238685e-08,No-tumor
1.0,1.1644286e-09,1.2514698e-09,Glioma
0.9999864,5.1483494e-06,8.471938e-06,Pituitary
0.99999964,1.4414259e-07,2.4344152e-07,Meningioma
0.99999964,1.204376e-07,2.3548559e-07,Pituitary
0.9999976,7.937935e-07,1.5107721e-06,Pituitary
0.9999975,8.084158e-07,1.628089e-06,Pituitary
1.0,6.328018e-09,6.8468795e-09,Glioma
1.0,3.2360263e-09,3.548776e-09,Glioma
1.0,1.8523743e-08,1.4887339e-08,No-tumor
0.99999964,9.730897e-08,2.0276909e-07,Pituitary
0.9999908,3.0423957e-06,6.051912e-06,Pituitary
1.0,2.6744033e-08,1.9258447e-08,No-tumor
1.0,7.537777e-09,5.4517018e-09,No-tumor
1.0,6.8634196e-09,8.002203e-09,Glioma
0.99998593,6.0870516e-06,8.037529e-06,Glioma
1.0,1.203105e-08,9.063102e-09,No-tumor
0.99999917,3.9274704e-07,5.1909745e-07,Glioma
1.0,1.8126376e-09,2.0496356e-09,Glioma
0.9999995,1.6399517e-07,2.9853112e-07,Pituitary
0.99999964,1.2890312e-07,2.5098336e-07,Pituitary
0.99999714,1.1024762e-06,1.7921496e-06,Meningioma
0.9991417,0.00033770106,0.00052060344,Meningioma
0.9999994,1.9062199e-07,3.5054398e-07,Meningioma
0.9999999,4.533037e-08,9.583435e-08,Pituitary
1.0,2.084908e-10,1.16336905e-10,No-tumor
0.99996686,1.258821e-05,2.0445625e-05,Meningioma
1.0,1.0623599e-09,1.0151407e-09,Glioma
1.0,4.7485695e-09,5.1272346e-09,Glioma
1.0,5.1329296e-09,5.821099e-09,Glioma
1.0,3.7632693e-09,2.808009e-09,No-tumor
1.0,1.5795638e-09,9.940091e-10,No-tumor
0.99999976,8.277367e-08,1.3767544e-07,Meningioma
1.0,1.1678093e-09,1.287836e-09,Glioma
1.0,3.6515297e-09,3.742418e-09,Glioma
1.0,2.9136975e-09,2.0893676e-09,No-tumor
1.0,1.5981405e-09,1.6751723e-09,Glioma
0.9999999,3.8206384e-08,7.642446e-08,Pituitary
0.9999987,7.245758e-07,6.04515e-07,No-tumor
1.0,4.525673e-10,2.8483074e-10,No-tumor
0.99999976,9.0641414e-08,6.508912e-08,No-tumor
0.9998895,4.332274e-05,6.726442e-05,Pituitary
1.0,2.158209e-09,1.9144393e-09,Glioma
0.9999964,1.3438159e-06,2.2694621e-06,Meningioma
0.999998,6.9975135e-07,1.3440679e-06,Meningioma
0.99999964,2.029579e-07,1.6254124e-07,No-tumor
0.99998915,5.079046e-06,5.7688803e-06,Meningioma
0.999933,3.155004e-05,3.541993e-05,Glioma
1.0,2.1037474e-09,2.1626552e-09,Glioma
1.0,3.276241e-08,3.878045e-08,Glioma
1.0,2.8690351e-08,2.0782597e-08,No-tumor
0.99999964,1.4207606e-07,2.1649947e-07,Glioma
0.99999976,9.513989e-08,7.414931e-08,No-tumor
1.0,2.4864168e-08,1.7043403e-08,No-tumor
1.0,5.222231e-09,3.6790602e-09,No-tumor
0.99999964,1.3034872e-07,2.1452416e-07,Meningioma
0.9999906,3.568588e-06,5.8866153e-06,Pituitary
0.9999982,5.727252e-07,1.1640907e-06,Pituitary
0.99999845,5.6731534e-07,9.483671e-07,Meningioma
1.0,7.923027e-10,7.018088e-10,Glioma
0.9999999,3.772592e-08,8.4873285e-08,Pituitary
1.0,3.6699227e-08,3.0271107e-08,No-tumor
0.99999905,3.819952e-07,6.5531384e-07,Meningioma
0.9999901,4.19225e-06,5.763959e-06,Meningioma
1.0,3.0720473e-09,3.421023e-09,Glioma
1.0,1.055755e-08,2.3253529e-08,Pituitary
0.99997616,9.514256e-06,1.4313801e-05,Meningioma
1.0,3.4627292e-09,7.2323254e-09,Pituitary
0.9999995,1.6054203e-07,3.2259587e-07,Pituitary
0.99998033,7.2233233e-06,1.2405915e-05,Pituitary
0.9999448,2.1297565e-05,3.390199e-05,Meningioma
0.9999981,6.9317326e-07,1.1924271e-06,Meningioma
1.0,5.4586415e-09,5.2047593e-09,Glioma
0.99999404,2.1561873e-06,3.7703219e-06,Meningioma
0.99999964,1.4703336e-07,2.924696e-07,Pituitary
1.0,2.6038744e-08,5.5462557e-08,Pituitary
0.9999993,2.9781788e-07,4.879722e-07,Meningioma
0.9999938,2.1803555e-06,4.0600057e-06,Pituitary
1.0,7.6814877e-10,5.0570315e-10,No-tumor
1.0,2.6276526e-08,1.8860327e-08,No-tumor
0.9999994,2.7569487e-07,3.2005786e-07,Glioma
0.99999833,5.6129653e-07,1.0378432e-06,Meningioma
1.0,4.42363e-09,4.8743347e-09,Glioma
1.0,2.3709154e-10,1.4081063e-10,No-tumor
0.9999914,3.2086168e-06,5.372833e-06,Meningioma
0.9999882,4.6778496e-06,7.112375e-06,Pituitary
0.9999957,1.5601508e-06,2.7911594e-06,Pituitary
0.99998903,4.153255e-06,6.811022e-06,Pituitary
1.0,1.3604782e-08,1.4152241e-08,Glioma
1.0,1.0600306e-08,8.125336e-09,No-tumor
0.99999774,8.656098e-07,1.442315e-06,Meningioma
1.0,1.5083613e-08,1.0658676e-08,No-tumor
1.0,3.8060048e-08,4.27454e-08,Glioma
0.99998486,6.4533792e-06,8.652615e-06,Glioma
0.9999994,1.8575484e-07,3.607214e-07,Pituitary
0.99999976,7.7453734e-08,1.4273516e-07,Pituitary
0.99999976,8.501633e-08,1.616718e-07,Meningioma
1.0,2.9721868e-08,2.0411786e-08,No-tumor
1.0,2.7465909e-08,2.017052e-08,No-tumor
0.99936575,0.0002445516,0.00038970564,Pituitary
1.0,4.53589e-09,3.3590548e-09,No-tumor
0.99969137,0.00013699806,0.00017162772,No-tumor
1.0,1.0038274e-08,7.2846573e-09,No-tumor
0.9999999,5.860695e-08,7.231763e-08,Glioma
1.0,2.7634626e-09,2.8482872e-09,Glioma
1.0,9.524845e-09,1.1394768e-08,Glioma
0.9999645,1.3007269e-05,2.2589249e-05,Meningioma
0.99999654,1.3550947e-06,2.1489543e-06,Meningioma
1.0,1.7191399e-08,1.2385595e-08,No-tumor
1.0,1.7809251e-08,3.2965566e-08,Pituitary
1.0,6.054094e-09,6.84735e-09,Glioma
0.9999994,2.1769756e-07,4.0403813e-07,Meningioma
0.9999944,1.9206418e-06,3.6419403e-06,Pituitary
0.99999976,6.510327e-08,1.2044325e-07,Pituitary
1.0,6.2687455e-09,6.1259016e-09,Glioma
0.99999905,3.026656e-07,6.187293e-07,Pituitary
0.9999901,3.757736e-06,6.096186e-06,Pituitary
1.0,2.0147208e-09,1.2488374e-09,No-tumor
0.99999404,2.1839207e-06,3.8035112e-06,Pituitary
0.9999981,6.809457e-07,1.1473225e-06,Meningioma
1.0,6.5749634e-10,4.0115664e-10,No-tumor
1.0,1.4188911e-09,8.876061e-10,No-tumor
1.0,1.3875733e-08,1.5682652e-08,Glioma
1.0,1.6170398e-10,9.2902894e-11,No-tumor
1.0,3.4094412e-09,2.272343e-09,No-tumor
1.0,3.8646022e-10,2.218061e-10,No-tumor
0.9999994,3.1286655e-07,2.657331e-07,No-tumor
0.9999676,1.1386942e-05,2.1009648e-05,Meningioma
0.9999995,1.9124786e-07,2.2934098e-07,Glioma
1.0,1.29231985e-08,1.7392486e-08,Glioma
0.9999931,2.4750393e-06,4.401022e-06,Pituitary
0.9999994,2.0803793e-07,3.5136603e-07,Meningioma
0.9999974,9.376767e-07,1.624565e-06,Meningioma
1.0,2.279623e-09,2.8422524e-09,Glioma
1.0,2.0737763e-09,1.2698884e-09,No-tumor
0.9999957,1.4003252e-06,2.8208926e-06,Pituitary
0.99999976,9.13363e-08,1.5822245e-07,Pituitary
0.99999785,8.250308e-07,1.3309627e-06,Meningioma
1.0,6.065395e-10,3.728231e-10,No-tumor
0.9999939,2.0882146e-06,3.909951e-06,Pituitary
0.9999571,1.665427e-05,2.6259831e-05,Pituitary
0.99999976,9.617567e-08,1.2794222e-07,Glioma
0.99998367,6.8017425e-06,9.5789765e-06,Glioma
0.9999994,2.1971174e-07,3.8555427e-07,Pituitary
0.99999964,1.3022982e-07,2.3339291e-07,Pituitary
1.0,1.061744e-09,6.7061134e-10,No-tumor
0.999995,1.7529629e-06,3.1659342e-06,Meningioma
1.0,2.0370987e-08,2.2602753e-08,Glioma
1.0,3.0987528e-09,3.8136982e-09,Glioma
1.0,2.8045365e-08,2.9952638e-08,Glioma
0.99999976,6.787421e-08,8.4628205e-08,Glioma
1.0,7.8212725e-10,8.3755064e-10,Glioma
0.99999976,8.4307764e-08,7.6662715e-08,No-tumor
0.99998677,4.8516413e-06,8.399594e-06,Meningioma
1.0,8.553773e-10,5.633677e-10,No-tumor
0.99999607,1.3512987e-06,2.590971e-06,Pituitary
0.99999976,1.2139913e-07,1.11960304e-07,No-tumor
0.9999074,3.3488992e-05,5.9169706e-05,Meningioma
1.0,2.3048157e-08,4.739234e-08,Pituitary
1.0,3.69122e-09,4.2828376e-09,Glioma
1.0,4.060404e-09,4.5106887e-09,Glioma
0.9999727,9.725858e-06,1.7511504e-05,Glioma
1.0,1.8690713e-09,1.963955e-09,Glioma
0.9999994,2.18268e-07,4.029115e-07,Pituitary
1.0,7.539645e-09,8.792423e-09,Glioma
0.99999833,6.1085126e-07,1.0554695e-06,Glioma
1.0,1.2336578e-08,1.3497287e-08,Glioma
1.0,1.9552884e-08,1.5418149e-08,No-tumor
0.99999976,1.0408217e-07,7.585647e-08,No-tumor
0.99999595,1.4446554e-06,2.6131902e-06,Pituitary
0.9999956,1.6990698e-06,2.7929514e-06,Pituitary
1.0,6.9333783e-09,5.0775144e-09,No-tumor
0.9999788,7.300496e-06,1.3990236e-05,Pituitary
0.9999994,2.2976478e-07,3.9733962e-07,Pituitary
0.9999975,8.6385387e-07,1.6163051e-06,Pituitary
0.99999917,4.5668733e-07,4.038331e-07,No-tumor
1.0,2.7618923e-09,3.0286682e-09,Glioma
0.99999964,1.484985e-07,2.565127e-07,Pituitary
1.0,2.571014e-10,1.504171e-10,No-tumor
0.99999726,8.955713e-07,1.7820637e-06,Pituitary
0.99985945,5.539047e-05,8.510982e-05,Meningioma
0.9999771,8.817577e-06,1.4045076e-05,Glioma
0.9999956,1.5137977e-06,2.8123745e-06,Pituitary
0.9999995,1.6828383e-07,3.5448136e-07,Pituitary
1.0,2.1747586e-09,2.1388664e-09,Glioma
0.9999995,2.5232902e-07,2.7275385e-07,Glioma
1.0,4.0564023e-09,2.7692613e-09,No-tumor
0.9999757,9.911576e-06,1.4404956e-05,Meningioma
0.99999475,1.9881654e-06,3.2372675e-06,Meningioma
0.99999905,3.7342716e-07,6.5442265e-07,Pituitary
0.9999994,2.2059503e-07,3.6312298e-07,Meningioma
0.9999994,2.225581e-07,3.0205499e-07,Glioma
1.0,7.042402e-09,5.0947726e-09,No-tumor
1.0,1.0967478e-09,8.173362e-10,No-tumor
0.9999881,4.1096973e-06,7.84145e-06,Pituitary
0.9999678,1.30011495e-05,1.917122e-05,Meningioma
0.999959,1.4393894e-05,2.6603679e-05,Pituitary
0.9999933,2.4458104e-06,4.219844e-06,Glioma
0.99999034,3.2753974e-06,6.491512e-06,Pituitary
0.99999774,7.931806e-07,1.4670023e-06,Meningioma
1.0,1.85107e-09,1.7469144e-09,Glioma
1.0,6.534709e-09,4.5323265e-09,No-tumor
1.0,8.239902e-10,5.1277993e-10,No-tumor
1.0,3.8393724e-10,2.5261912e-10,No-tumor
1.0,1.0046525e-09,6.12104e-10,No-tumor
1.0,5.1471916e-10,4.976465e-10,Glioma
0.99999976,1.7840993e-07,1.6887664e-07,No-tumor
0.9999895,3.6006295e-06,6.954554e-06,Pituitary
1.0,5.7955187e-09,6.2534835e-09,Glioma
1.0,1.6481666e-09,1.0863941e-09,No-tumor
0.99999404,2.3953787e-06,3.538699e-06,Meningioma
1.0,4.351264e-08,5.1493572e-08,Glioma
0.99999976,1.1203314e-07,1.238985e-07,Glioma
0.9999999,3.2417113e-08,6.9660295e-08,Pituitary
1.0,8.929572e-09,6.6148917e-09,No-tumor
1.0,1.514602e-09,1.7910482e-09,Glioma
1.0,4.8988075e-10,3.054605e-10,No-tumor
0.9999982,5.739713e-07,1.1866643e-06,Glioma
0.99999976,8.415963e-08,1.5200281e-07,Meningioma
1.0,2.9305672e-10,1.7592486e-10,No-tumor
0.9999976,1.2075358e-06,1.2180469e-06,No-tumor
0.99998903,3.737582e-06,7.2687317e-06,Pituitary
1.0,1.9034496e-10,1.06995655e-10,No-tumor
1.0,2.2100227e-08,1.7625787e-08,No-tumor
0.99999857,4.91454e-07,9.3643024e-07,Meningioma
0.9999776,8.396737e-06,1.40881175e-05,Meningioma
1.0,3.0791938e-08,2.4762745e-08,No-tumor
0.99999106,3.2706957e-06,5.724855e-06,Meningioma
0.99999905,3.2300204e-07,6.0701433e-07,Glioma
1.0,7.3895157e-09,8.408997e-09,Glioma
0.99999905,3.3141856e-07,5.648496e-07,Pituitary
0.99999964,1.0256432e-07,2.0936933e-07,Meningioma
1.0,6.037244e-10,6.256833e-10,Glioma
0.9999993,2.361539e-07,4.4179606e-07,Meningioma
0.99999964,1.15794e-07,2.0850536e-07,Pituitary
1.0,1.4966681e-09,1.6533744e-09,Glioma
0.99999905,3.2207063e-07,6.0212625e-07,Pituitary
0.99914515,0.00033598763,0.0005187949,Meningioma
1.0,7.4902484e-10,4.7962095e-10,No-tumor
1.0,2.0378244e-09,2.4508666e-09,Glioma
1.0,1.3380397e-09,8.1550644e-10,No-tumor
0.9982218,0.0006968498,0.0010812951,Meningioma
1.0,1.4486194e-08,1.0634835e-08,No-tumor
0.99999917,3.7940154e-07,4.50575e-07,Glioma
0.99997425,1.14925815e-05,1.4315371e-05,Glioma
0.9999989,3.5448588e-07,6.664325e-07,Meningioma
0.99999595,1.4242236e-06,2.6640755e-06,Meningioma
1.0,4.801576e-09,5.0939954e-09,Glioma
0.99999297,2.4519284e-06,4.5363495e-06,Pituitary
0.9999993,2.7376885e-07,4.5921868e-07,Meningioma
1.0,6.408842e-09,4.763946e-09,No-tumor
0.999969,1.2472111e-05,1.8526818e-05,Pituitary
0.99999857,4.937032e-07,8.9409525e-07,Pituitary
1.0,1.7740148e-09,1.1989604e-09,No-tumor
0.99999964,1.0372484e-07,2.0286116e-07,Meningioma
0.9999964,1.162174e-06,2.4196806e-06,Pituitary
0.9999995,1.662936e-07,3.1944197e-07,Pituitary
1.0,5.097883e-09,3.33205e-09,No-tumor
1.0,6.442288e-09,4.4651327e-09,No-tumor
0.999998,7.0241174e-07,1.2788959e-06,Meningioma
0.99999845,6.043465e-07,1.0025028e-06,Meningioma
0.99998164,6.421539e-06,1.1909013e-05,Pituitary
1.0,1.1830522e-09,1.3206437e-09,Glioma
1.0,1.4054755e-08,2.1483654e-08,Glioma
1.0,5.5039e-09,1.0892184e-08,Pituitary
0.9999993,3.0068657e-07,3.808262e-07,Glioma
1.0,7.6914315e-09,1.0466703e-08,Glioma
0.99998546,5.3124295e-06,9.175868e-06,Pituitary
0.99999833,6.0637626e-07,1.0256512e-06,Meningioma
1.0,2.1845075e-09,1.4221261e-09,No-tumor
1.0,1.2144662e-09,7.361447e-10,No-tumor
0.9999995,2.3580445e-07,2.549535e-07,Glioma
1.0,1.8327535e-08,1.3720485e-08,No-tumor
0.9991191,0.00034988904,0.0005309647,Meningioma
0.99999666,1.1926973e-06,2.1613585e-06,Pituitary
0.9999558,1.787495e-05,2.632381e-05,Glioma
1.0,2.0346018e-08,1.4504524e-08,No-tumor
0.99999356,2.254298e-06,4.122596e-06,Glioma
1.0,2.7718718e-09,3.0027154e-09,Glioma
1.0,1.9589429e-08,2.2333118e-08,Glioma
0.9999782,8.9437335e-06,1.2892052e-05,Meningioma
0.99991393,3.5730907e-05,5.0266262e-05,Meningioma
0.9999995,1.7542277e-07,3.4249683e-07,Pituitary
0.99999905,3.48262e-07,5.658897e-07,Meningioma
1.0,1.39814675e-08,9.308248e-09,No-tumor
1.0,1.8550781e-09,1.3371416e-09,No-tumor
0.9999993,3.4079434e-07,3.2312846e-07,No-tumor
0.9999994,2.150731e-07,3.5502703e-07,Meningioma
1.0,2.1640695e-10,1.2182519e-10,No-tumor
0.9999372,2.6033622e-05,3.6774683e-05,Pituitary
0.9999968,1.1989057e-06,1.970116e-06,Pituitary
1.0,2.403545e-09,2.6825657e-09,Glioma
0.9999999,3.5679236e-08,6.9430286e-08,Pituitary
0.99993443,2.6701722e-05,3.889931e-05,Glioma
0.99998224,7.859731e-06,9.865309e-06,Meningioma
1.0,1.1235147e-09,7.0360345e-10,No-tumor
1.0,1.2377299e-09,1.0918012e-09,Glioma
0.9999999,4.088398e-08,6.808336e-08,Meningioma
1.0,6.9262676e-09,8.955737e-09,Glioma
0.9999999,4.385483e-08,9.0112906e-08,Pituitary
0.99999917,3.335923e-07,4.4846794e-07,Glioma
1.0,5.633153e-09,4.119456e-09,No-tumor
0.99999976,8.9010406e-08,6.5159426e-08,No-tumor
0.99996924,1.1953993e-05,1.8886018e-05,Meningioma
1.0,8.133538e-09,8.426514e-09,Glioma
0.99997854,8.021811e-06,1.3507319e-05,Meningioma
0.99997604,7.981522e-06,1.600346e-05,Pituitary
1.0,1.4598884e-09,9.710884e-10,No-tumor
0.9999875,4.3850437e-06,8.093007e-06,Pituitary
0.99999964,1.6313913e-07,2.8391767e-07,Pituitary
0.99999917,3.2033722e-07,5.047722e-07,Meningioma
1.0,1.590724e-08,3.5476134e-08,Pituitary
0.99995935,1.6117774e-05,2.4565705e-05,Meningioma
1.0,2.0024089e-08,2.8546738e-08,Glioma
0.99999905,5.2458915e-07,4.2062294e-07,No-tumor
0.99999905,3.0609232e-07,5.931519e-07,Glioma
0.9999937,3.2645435e-06,3.1161871e-06,No-tumor
1.0,2.6520627e-08,2.2498664e-08,No-tumor
1.0,6.1907124e-10,3.9762202e-10,No-tumor
0.9998708,4.6144636e-05,8.313238e-05,Pituitary
0.9991677,0.0003521458,0.00048030625,No-tumor
0.99998,8.9484e-06,1.1033603e-05,Pituitary
0.99999964,9.206581e-08,1.7963968e-07,Pituitary
1.0,1.8834576e-09,4.1164165e-09,Pituitary
0.9997825,8.237392e-05,0.00013514831,Pituitary
0.99999976,1.2825838e-07,9.35144e-08,No-tumor
1.0,5.7818583e-10,3.490092e-10,No-tumor
0.99999774,8.1274806e-07,1.4810907e-06,Meningioma
0.9999869,4.4468425e-06,8.70862e-06,Meningioma
0.9999995,1.6307845e-07,3.3447677e-07,Pituitary
0.99999344,2.6837856e-06,3.8186868e-06,Pituitary
0.999982,7.041581e-06,1.1004538e-05,Meningioma
0.9999994,1.8965694e-07,3.2880757e-07,Meningioma
0.99999976,9.387325e-08,7.1993924e-08,No-tumor
0.99999845,5.844559e-07,9.568577e-07,Meningioma
1.0,6.6955854e-09,5.1746283e-09,No-tumor
1.0,2.947065e-09,3.038267e-09,Glioma
0.9999951,1.7846347e-06,3.0981632e-06,Meningioma
0.9999968,1.4550268e-06,1.7298324e-06,No-tumor
1.0,2.4813036e-09,2.1370927e-09,Glioma
0.9999987,4.2529126e-07,8.5141477e-07,Pituitary
0.9999974,9.460842e-07,1.6797954e-06,Pituitary
1.0,2.2637874e-08,3.7136928e-08,Meningioma
1.0,1.0902613e-09,7.0059303e-10,No-tumor
0.9999999,5.1358793e-08,5.963648e-08,Glioma
0.9999807,7.2784796e-06,1.2045014e-05,Meningioma
0.99999976,9.6922584e-08,1.1925661e-07,Glioma
1.0,1.2139058e-09,8.250659e-10,No-tumor
1.0,6.435951e-09,4.514097e-09,No-tumor
1.0,4.465099e-09,3.0246041e-09,No-tumor
0.9999958,1.4181987e-06,2.7422793e-06,Pituitary
0.99992347,2.8660636e-05,4.7924168e-05,Meningioma
0.99999785,7.352735e-07,1.4128625e-06,Pituitary
0.99998,7.040499e-06,1.2938572e-05,Meningioma
0.99999845,8.209132e-07,7.383243e-07,Meningioma
1.0,4.688239e-08,4.9041507e-08,Glioma
0.99995875,1.7031223e-05,2.4142479e-05,Meningioma
0.999961,1.432541e-05,2.4720124e-05,Meningioma
1.0,3.520073e-08,3.9641233e-08,Glioma
1.0,2.1400173e-09,1.5094801e-09,No-tumor
0.9999999,5.351043e-08,1.0217267e-07,Pituitary
1.0,1.6403732e-09,1.4955694e-09,Glioma
0.99999905,3.1998297e-07,5.720815e-07,Meningioma
1.0,3.3135077e-08,5.3945246e-08,Meningioma
1.0,4.6076973e-09,5.71932e-09,Glioma
1.0,2.8463865e-09,1.9859043e-09,No-tumor
1.0,1.8786473e-08,2.1712822e-08,Glioma
0.99999774,7.5863306e-07,1.5460197e-06,Pituitary
1.0,8.079083e-09,8.56496e-09,Glioma
0.9999993,3.1481886e-07,3.7304818e-07,Glioma
0.9999999,3.508015e-08,7.908238e-08,Pituitary
1.0,5.3191496e-09,4.2321013e-09,No-tumor
1.0,1.0517629e-09,6.929435e-10,No-tumor
1.0,1.8280777e-09,1.3098391e-09,No-tumor
1.0,1.1993188e-10,6.519439e-11,No-tumor
0.999998,7.2789e-07,1.3038463e-06,Pituitary
0.9999993,2.8330524e-07,4.795646e-07,Meningioma
1.0,2.3860234e-09,2.383067e-09,Glioma
1.0,9.684415e-10,2.1386504e-09,Pituitary
1.0,8.6940455e-10,5.185959e-10,No-tumor
1.0,1.7000116e-09,2.1697246e-09,Glioma
0.99999654,1.2620385e-06,2.1505289e-06,Meningioma
0.99999976,6.890416e-08,1.3225643e-07,Pituitary
1.0,1.6361806e-08,3.508196e-08,Pituitary
1.0,5.901003e-10,3.5471837e-10,No-tumor
0.99999964,1.3817052e-07,2.4449525e-07,Meningioma
0.9999944,1.9130919e-06,3.647989e-06,Pituitary
1.0,3.534113e-08,2.7246035e-08,No-tumor
0.9999993,3.295701e-07,3.217582e-07,No-tumor
0.99999404,2.116662e-06,3.791148e-06,Pituitary
0.9999987,4.82332e-07,8.611545e-07,Pituitary
0.9999956,1.7060843e-06,2.7734714e-06,Meningioma
0.9999988,4.2838948e-07,6.9350637e-07,Meningioma
0.99998724,5.922962e-06,6.769701e-06,No-tumor
0.9999949,1.8235648e-06,3.3001165e-06,Pituitary
0.99999607,1.3987188e-06,2.4790413e-06,Pituitary
0.9999956,1.7030866e-06,2.7531062e-06,Meningioma
0.9999956,1.6635997e-06,2.727303e-06,Pituitary
1.0,2.433108e-08,1.8994912e-08,No-tumor
0.99997795,8.471996e-06,1.35486725e-05,Pituitary
0.9999975,1.2818502e-06,1.2043223e-06,No-tumor
0.99999833,6.2448146e-07,1.0348169e-06,Meningioma
0.9999876,4.871498e-06,7.5324774e-06,Meningioma
0.999987,4.639356e-06,8.32846e-06,Meningioma
0.9999989,3.6103097e-07,6.974974e-07,Pituitary
1.0,1.5275531e-09,1.576626e-09,Glioma
1.0,4.936158e-09,1.04232925e-08,Pituitary
0.9999509,1.8392162e-05,3.07552e-05,Pituitary
0.9999515,1.7187214e-05,3.1371834e-05,Pituitary
1.0,1.6157888e-09,1.7780019e-09,Glioma
1.0,2.1810602e-09,1.4325694e-09,No-tumor
0.99998,7.6026113e-06,1.2430248e-05,Meningioma
1.0,6.4953265e-10,4.1307052e-10,No-tumor
0.99998903,3.930239e-06,7.082261e-06,Meningioma
0.9999964,1.2490897e-06,2.406361e-06,Pituitary
0.99999285,2.6558732e-06,4.5758056e-06,Pituitary
1.0,1.4188052e-08,2.7275256e-08,Pituitary
0.9999924,3.1760505e-06,4.423552e-06,Pituitary
1.0,1.1591612e-09,1.3111189e-09,Glioma
1.0,1.8497218e-09,1.2178993e-09,No-tumor
0.99999976,7.6534e-08,1.5044569e-07,Pituitary
0.99999905,3.1040238e-07,6.004598e-07,Pituitary
1.0,1.2637849e-09,8.0439294e-10,No-tumor
0.9998393,6.255485e-05,9.80797e-05,Pituitary
1.0,5.864025e-09,4.3037023e-09,No-tumor
0.9999962,1.4963393e-06,2.2094475e-06,Meningioma
1.0,1.0966683e-09,7.117995e-10,No-tumor
1.0,2.3221439e-08,2.612361e-08,Glioma
1.0,3.5619927e-09,4.6381885e-09,Glioma
1.0,3.4088643e-08,3.5783646e-08,Glioma
1.0,1.2627108e-08,1.3968539e-08,Glioma
0.9999982,5.378926e-07,1.1695377e-06,Pituitary
0.99998486,5.075533e-06,9.9847475e-06,Pituitary
0.9999958,1.5728494e-06,2.6388698e-06,Pituitary
0.99999976,9.1448555e-08,1.1389817e-07,Glioma
0.9999999,3.562062e-08,6.766043e-08,Pituitary
1.0,1.3500319e-09,9.1291635e-10,No-tumor
0.99999976,1.2746688e-07,1.02952804e-07,No-tumor
1.0,2.8743523e-09,3.265764e-09,Glioma
1.0,6.211473e-09,8.401846e-09,Glioma
0.9999659,1.2950981e-05,2.1141988e-05,Pituitary
0.99999964,1.2449983e-07,2.6027428e-07,Pituitary
0.9999999,4.6953975e-08,9.130408e-08,Pituitary
0.99999976,9.870611e-08,1.6815922e-07,Pituitary
0.9999994,1.9794463e-07,3.3308982e-07,Meningioma
1.0,9.981209e-09,6.7007084e-09,No-tumor
0.9998956,4.285921e-05,6.151394e-05,Pituitary
1.0,8.648282e-10,9.542642e-10,Glioma
1.0,1.2489898e-09,8.340435e-10,No-tumor
0.9999988,4.5694856e-07,7.6671313e-07,Meningioma
0.9999865,5.0353565e-06,8.424404e-06,Glioma
1.0,2.0164037e-10,1.1602932e-10,No-tumor
0.99999714,1.0072204e-06,1.9443455e-06,Pituitary
0.9999993,2.5265354e-07,4.6960508e-07,Meningioma
1.0,2.8373249e-08,5.7907705e-08,Pituitary
0.9999976,8.1596244e-07,1.5343423e-06,Meningioma
0.99999976,7.892987e-08,9.413269e-08,Glioma
0.9999707,1.0921964e-05,1.8358302e-05,Meningioma
0.9999448,2.0543053e-05,3.4661e-05,Meningioma
1.0,9.285711e-09,9.006425e-09,Glioma
1.0,1.1557422e-08,1.2604538e-08,Glioma
0.9999994,1.952929e-07,3.4966288e-07,Meningioma
0.9999999,5.444762e-08,8.985083e-08,Meningioma
1.0,2.0662472e-09,2.0229072e-09,Glioma
0.999877,4.6613233e-05,7.644609e-05,Meningioma
0.9999243,2.8438433e-05,4.7247177e-05,Pituitary
0.9999989,5.937518e-07,4.876399e-07,No-tumor
1.0,1.0678042e-09,6.5261113e-10,No-tumor
1.0,1.8199552e-08,3.8610477e-08,Pituitary
1.0,2.1620323e-09,2.0503943e-09,Glioma
0.9999949,2.0626976e-06,3.080894e-06,Meningioma
0.9999783,8.228432e-06,1.3485666e-05,Meningioma
0.99999964,1.547925e-07,2.7864826e-07,Meningioma
0.9999734,1.0170218e-05,1.6429287e-05,Meningioma
1.0,1.6797324e-08,1.344541e-08,No-tumor
1.0,9.852509e-10,1.1138194e-09,Glioma
1.0,4.729711e-10,3.1555322e-10,No-tumor
1.0,5.918785e-08,4.9867317e-08,No-tumor
1.0,4.0398325e-09,4.8815547e-09,Glioma
0.9999896,3.8585745e-06,6.5589447e-06,Pituitary
0.99999905,3.778182e-07,6.1781185e-07,Pituitary
0.99999857,4.881171e-07,9.429435e-07,Meningioma
0.9999994,2.2315957e-07,3.2884552e-07,Glioma
1.0,3.5146706e-09,3.4323104e-09,Glioma
1.0,9.537656e-10,6.6287564e-10,No-tumor
1.0,4.8992024e-09,3.5632566e-09,No-tumor
0.99999976,1.2622694e-07,9.337146e-08,No-tumor
1.0,3.1623046e-10,2.0447849e-10,No-tumor
1.0,1.948349e-08,1.5104053e-08,No-tumor
0.99999857,4.758187e-07,9.932095e-07,Pituitary
1.0,1.079141e-09,6.931762e-10,No-tumor
0.9999993,2.4503578e-07,5.152353e-07,Pituitary
0.9983986,0.0006668039,0.0009345002,Meningioma
1.0,1.0599877e-09,6.977326e-10,No-tumor
0.9999987,4.4103345e-07,7.798275e-07,Meningioma
1.0,1.1493396e-10,1.07162924e-10,Glioma
1.0,1.1916307e-09,7.400443e-10,No-tumor
1.0,5.328136e-09,5.9201146e-09,Glioma
0.99999964,1.6456485e-07,2.7849683e-07,Pituitary
0.9999951,1.8159623e-06,3.0767517e-06,Meningioma
0.99999774,7.659047e-07,1.5155416e-06,Glioma
0.9999999,5.5033667e-08,6.392229e-08,Glioma
0.9999999,7.058219e-08,5.279842e-08,No-tumor
1.0,8.097874e-09,1.6920126e-08,Pituitary
0.99999595,1.508525e-06,2.4750723e-06,Meningioma
1.0,8.251383e-10,8.63228e-10,Glioma
1.0,7.673712e-10,4.5754145e-10,No-tumor
0.999458,0.00020979736,0.00033218972,Meningioma
0.99999905,3.0459495e-07,5.6256647e-07,Pituitary
0.9999664,1.3801277e-05,1.9769606e-05,Meningioma
0.99993956,2.4072353e-05,3.6378933e-05,Meningioma
1.0,4.5547197e-09,4.86798e-09,Glioma
1.0,2.2586366e-09,1.3921427e-09,No-tumor
1.0,4.7668934e-08,3.516852e-08,No-tumor
0.9994536,0.00021065734,0.00033568885,Meningioma
0.99999976,1.212553e-07,1.0522392e-07,No-tumor
1.0,5.7811913e-08,4.070246e-08,No-tumor
1.0,3.835576e-09,2.7514027e-09,No-tumor
0.99999976,1.7116054e-07,1.4075992e-07,No-tumor
0.99998605,5.271322e-06,8.7374465e-06,Pituitary
0.99998903,4.864003e-06,6.1094206e-06,Glioma
1.0,1.9810516e-08,1.9359728e-08,Glioma
0.9999497,1.7805325e-05,3.259564e-05,Pituitary
0.99999976,7.983834e-08,6.4098344e-08,No-tumor
0.99999964,1.3359126e-07,2.209943e-07,Meningioma
0.9999988,4.2025073e-07,6.804456e-07,Meningioma
1.0,5.0181804e-08,3.8643407e-08,No-tumor
0.9999999,5.5345254e-08,8.288222e-08,Glioma
1.0,1.834894e-08,1.921988e-08,Glioma
1.0,1.2688345e-10,6.9470055e-11,No-tumor
0.9999958,1.4599234e-06,2.7247688e-06,Pituitary
0.9999924,2.947893e-06,4.630214e-06,Meningioma
1.0,1.510731e-08,1.06800435e-08,No-tumor
0.9999907,3.7170635e-06,5.594152e-06,Meningioma
1.0,9.35343e-10,5.979668e-10,No-tumor
1.0,2.3674023e-08,1.719658e-08,No-tumor
0.9999974,1.3447697e-06,1.2549044e-06,No-tumor
0.99999523,1.8053996e-06,3.023147e-06,Meningioma
0.99999464,1.9421057e-06,3.4852246e-06,Meningioma
1.0,5.033333e-09,3.5250431e-09,No-tumor
1.0,2.061084e-08,2.0608638e-08,Glioma
0.9999969,1.2122495e-06,1.954736e-06,Pituitary
0.9999995,1.8307027e-07,2.141227e-07,Glioma
0.99999106,3.5215865e-06,5.3962726e-06,Glioma
0.9999964,1.2180549e-06,2.3913992e-06,Pituitary
0.9999989,3.8590318e-07,7.204527e-07,Pituitary
0.99999833,5.749537e-07,1.0225474e-06,Pituitary
0.9998964,4.0823823e-05,6.285486e-05,Meningioma
0.9999865,5.013124e-06,8.4188305e-06,Meningioma
0.9999975,7.927388e-07,1.6858379e-06,Pituitary
0.99990046,3.9186918e-05,6.0346378e-05,Meningioma
0.99999964,1.0484948e-07,1.984448e-07,Meningioma
0.9999999,4.983118e-08,7.926904e-08,Meningioma
0.99999535,1.7383867e-06,2.8284317e-06,Meningioma
0.9999993,2.7666857e-07,4.801582e-07,Pituitary
0.99998844,3.8780227e-06,7.5974135e-06,Pituitary
0.9996451,0.00014468754,0.00021019836,Meningioma
1.0,1.1610205e-08,1.25524515e-08,Glioma
0.99999905,3.3285724e-07,5.9352084e-07,Pituitary
0.9999926,2.5582283e-06,4.8701613e-06,Pituitary
0.9999999,5.8557788e-08,1.2589453e-07,Pituitary
1.0,4.7898197e-10,4.861102e-10,Glioma
0.99999464,1.9805254e-06,3.3735396e-06,Meningioma
0.9999999,3.5118376e-08,6.9872804e-08,Pituitary
0.9999969,1.1576591e-06,1.9432068e-06,Meningioma
0.9998958,3.6925467e-05,6.727005e-05,Pituitary
1.0,2.5251097e-08,2.976033e-08,Glioma
0.9999994,2.1801378e-07,3.7954712e-07,Pituitary
1.0,7.217866e-10,4.4397894e-10,No-tumor
0.9999995,2.2612801e-07,2.1031829e-07,No-tumor
1.0,1.3294514e-09,8.4990004e-10,No-tumor
1.0,9.360592e-09,1.9882666e-08,Pituitary
1.0,7.842126e-10,8.6524565e-10,Glioma
0.99999774,7.7977023e-07,1.4624458e-06,Pituitary
1.0,3.0128222e-10,1.7978413e-10,No-tumor
0.99999976,7.0128884e-08,1.2893682e-07,Pituitary
0.9999981,7.161072e-07,1.2398749e-06,Pituitary
0.99999404,2.1001981e-06,3.8255203e-06,Pituitary
0.99999726,1.0334055e-06,1.6715383e-06,Glioma
0.9999995,1.6819382e-07,3.1947425e-07,Pituitary
1.0,4.700584e-09,3.3466803e-09,No-tumor
0.9999994,2.1987607e-07,3.4855154e-07,Glioma
0.9999968,1.2314347e-06,2.0677458e-06,Meningioma
1.0,1.028081e-09,1.1848361e-09,Glioma
0.999998,6.787542e-07,1.2620005e-06,Pituitary
1.0,1.9828879e-09,1.3252413e-09,No-tumor
1.0,1.5242438e-09,1.9231863e-09,Glioma
1.0,3.828327e-08,2.8349989e-08,No-tumor
0.9999999,6.205708e-08,4.7242697e-08,No-tumor
1.0,6.3486914e-09,4.5188524e-09,No-tumor
0.99837226,0.00063334545,0.0009944097,Meningioma
1.0,4.8725313e-09,3.1576892e-09,No-tumor
0.99999964,1.2164237e-07,2.1610795e-07,Pituitary
1.0,4.7511175e-08,3.9327944e-08,No-tumor
0.9999995,2.8191727e-07,2.3253574e-07,No-tumor
1.0,6.3977157e-09,1.37225005e-08,Pituitary
0.9999999,4.116308e-08,7.957049e-08,Pituitary
1.0,2.8396947e-09,3.2181395e-09,Glioma
1.0,3.1677696e-09,3.5945478e-09,Glioma
0.99999976,6.731596e-08,1.2044279e-07,Meningioma
1.0,2.483979e-09,1.7445869e-09,No-tumor
0.9999901,3.6216802e-06,6.323332e-06,Glioma
1.0,1.39128e-09,8.620713e-10,No-tumor
0.9999989,4.07789e-07,7.584604e-07,Meningioma
0.99999976,1.3645874e-07,1.2490146e-07,Glioma
1.0,1.433055e-10,8.044447e-11,No-tumor
1.0,5.3954583e-09,5.908755e-09,Glioma
0.9999993,3.0557464e-07,3.5357036e-07,Glioma
0.99999845,8.223338e-07,6.5668667e-07,No-tumor
0.99998534,5.640616e-06,9.057799e-06,Pituitary
0.9999951,1.8028564e-06,3.050055e-06,Meningioma
0.9999734,9.688224e-06,1.690609e-05,Meningioma
0.9999993,2.4557667e-07,4.4289584e-07,Pituitary
1.0,6.602875e-10,4.317925e-10,No-tumor
1.0,3.063839e-08,4.2062553e-08,Glioma
0.9999893,4.018025e-06,6.7192427e-06,Meningioma
1.0,8.6495895e-09,8.841545e-09,Glioma
0.99989593,3.8853505e-05,6.515624e-05,Meningioma
1.0,1.433023e-09,9.382108e-10,No-tumor
0.99999857,4.7255006e-07,1.0124337e-06,Meningioma
0.99999356,2.5485024e-06,3.942773e-06,Meningioma
1.0,2.341165e-08,1.6233672e-08,No-tumor
0.9999999,3.7472194e-08,7.7790716e-08,Pituitary
0.9999999,5.335613e-08,9.710208e-08,Meningioma
1.0,1.1515636e-08,1.3018198e-08,Glioma
1.0,2.7433853e-09,1.9659714e-09,No-tumor
0.9999863,5.5206656e-06,8.274075e-06,Meningioma
0.9999685,1.1677906e-05,1.9804293e-05,Meningioma
1.0,1.1941517e-09,1.2070993e-09,Glioma
0.9999933,2.5165036e-06,4.1857634e-06,Meningioma
0.9999994,2.0221982e-07,3.7553116e-07,Pituitary
1.0,4.2263924e-08,5.7112562e-08,Glioma
1.0,4.010067e-10,4.3482729e-10,Glioma
0.99999976,1.1480133e-07,1.2363942e-07,Glioma
1.0,3.0091385e-08,3.4353512e-08,Glioma
1.0,3.4156848e-08,2.6633314e-08,No-tumor
0.9999976,8.582332e-07,1.5701905e-06,Meningioma
1.0,2.7939917e-08,3.5513033e-08,Glioma
1.0,3.7107757e-08,3.9772633e-08,Glioma
1.0,6.4224617e-09,4.65858e-09,No-tumor
1.0,2.2248724e-08,1.6856026e-08,No-tumor
1.0,1.2843282e-09,1.4621874e-09,Glioma
0.99999976,1.1276784e-07,1.5532353e-07,Glioma
0.9999982,6.294308e-07,1.1627061e-06,Pituitary
1.0,7.9617174e-10,5.0718785e-10,No-tumor
0.99994755,1.9741952e-05,3.264245e-05,Pituitary
0.9999995,1.9515066e-07,2.9342056e-07,Glioma
1.0,5.926902e-10,7.0198813e-10,Glioma
0.99999833,6.017974e-07,1.0313372e-06,Pituitary
1.0,1.23989485e-08,1.3399762e-08,Glioma
1.0,4.4487153e-10,2.8681021e-10,No-tumor
1.0,5.842553e-10,5.964279e-10,Glioma
0.9999981,9.67055e-07,8.955678e-07,No-tumor
0.9999999,4.425978e-08,9.030079e-08,Pituitary
0.9999989,5.2529197e-07,6.4607644e-07,Glioma
0.99999976,7.991741e-08,9.993632e-08,Glioma
1.0,1.6632944e-08,1.5895381e-08,Glioma
1.0,5.9880483e-09,6.3403776e-09,Glioma
1.0,1.2904324e-09,8.249274e-10,No-tumor
0.99999785,8.6821746e-07,1.3221853e-06,Meningioma
0.99999833,6.9260716e-07,9.2233944e-07,Glioma
0.9997552,9.366499e-05,0.0001511292,Meningioma
0.9999982,7.849269e-07,9.361478e-07,Pituitary
0.9999988,4.2949358e-07,7.196293e-07,Pituitary
0.99998975,3.9321203e-06,6.3687685e-06,Meningioma
1.0,3.2545775e-09,2.1613398e-09,No-tumor
0.99999976,1.0204179e-07,7.743424e-08,No-tumor
1.0,2.1181304e-08,3.8843893e-08,Meningioma
0.99999607,1.3785316e-06,2.5584714e-06,Pituitary
1.0,4.065961e-09,2.8450458e-09,No-tumor
0.9999993,2.470151e-07,4.256624e-07,Pituitary
0.99999535,1.693595e-06,2.9589062e-06,Meningioma
0.99999976,1.19111014e-07,1.4828328e-07,Glioma
1.0,6.946112e-09,4.892656e-09,No-tumor
0.99997497,8.821663e-06,1.6201153e-05,Pituitary
0.9994967,0.00020780799,0.00029551474,Pituitary
0.9999999,3.7907107e-08,7.563977e-08,Pituitary
0.99999845,5.926003e-07,9.170787e-07,Meningioma
1.0,3.0765815e-08,4.1119534e-08,Glioma
1.0,1.383355e-09,1.535399e-09,Glioma
0.99999845,5.5029574e-07,1.0061309e-06,Pituitary
1.0,2.5135868e-08,1.8563355e-08,No-tumor
1.0,4.3456385e-09,4.4249293e-09,Glioma
1.0,1.2668764e-09,1.2074631e-09,Glioma
0.99999964,9.6097175e-08,1.844866e-07,Meningioma
1.0,1.967137e-10,1.1419342e-10,No-tumor
0.9997564,9.059702e-05,0.00015297154,Pituitary
0.9999933,2.707059e-06,3.8744965e-06,Meningioma
1.0,3.1738796e-08,5.911914e-08,Pituitary
0.99994135,2.356217e-05,3.5076475e-05,Pituitary
1.0,1.2094684e-09,7.4621853e-10,No-tumor
0.9999945,2.011499e-06,3.4358666e-06,Meningioma
1.0,5.175596e-09,5.860894e-09,Glioma
0.9999975,9.666736e-07,1.5292686e-06,Meningioma
0.99927753,0.0002805538,0.00044198634,Meningioma
0.99999166,4.237153e-06,4.0728446e-06,No-tumor
1.0,2.6375419e-10,1.5742814e-10,No-tumor
1.0,6.779717e-10,4.269207e-10,No-tumor
0.9999995,1.7879586e-07,3.1762173e-07,Pituitary
1.0,4.20319e-09,2.9469527e-09,No-tumor
0.99999595,1.4106733e-06,2.617001e-06,Pituitary
0.99999964,1.2763168e-07,2.076792e-07,Meningioma
0.9999982,6.1108136e-07,1.1634181e-06,Pituitary
0.99999976,6.683696e-08,1.3051393e-07,Pituitary
0.99999976,1.15254394e-07,1.5844593e-07,Glioma
0.9999989,3.9631232e-07,7.5010314e-07,Meningioma
0.99999285,2.6949845e-06,4.4382678e-06,Meningioma
0.99999976,6.368753e-08,1.1540529e-07,Meningioma
1.0,1.08463155e-10,5.9104735e-11,No-tumor
0.99999976,9.606328e-08,1.7606338e-07,Meningioma
0.9999716,1.0572682e-05,1.7740256e-05,Pituitary
1.0,8.887428e-10,5.391279e-10,No-tumor
0.99998665,5.4023762e-06,7.929439e-06,Meningioma
0.9999976,9.0960106e-07,1.4639554e-06,Meningioma
0.99999964,1.6849374e-07,2.9156897e-07,Meningioma
0.99971765,0.000110346184,0.0001719591,Meningioma
1.0,4.4781118e-10,4.8624277e-10,Glioma
1.0,1.6081086e-09,1.7551136e-09,Glioma
0.99999976,6.960066e-08,8.96714e-08,Glioma
1.0,9.808151e-09,1.107338e-08,Glioma
