condition,circuit_names,n_circuits,circuit_description,mixture,adaptive,seed,split,total_parameters,quantum_parameters,selector_parameters,spatial_parameters,classifier_parameters,recipe,loss,augment,use_weighted_sampler,n_samples,macro_f1,accuracy,balanced_accuracy,macro_precision,macro_recall_sensitivity,weighted_f1,mcc,min_class_recall,worst_class,statistical_role,checkpoint,provenance
FIXED_BASIC,fixed,1,2 BasicEntangler layers (8 quantum parameters),none - a single circuit; the softmax is identically 1.0,False,7,val,72052,8,2177,56227,13508,,plain_ce,False,False,990,0.9226260154181976,0.9252525252525252,0.9225061610784114,0.9234327270044043,0.9225061610784114,0.9245733343142079,0.9004221728917188,0.8347826086956521,Meningioma,fixed control,/kaggle/working/thesis/logs/train/runs/step25_quantum_circuit_ablation/FIXED_BASIC/seed_7/checkpoints/epoch_029.ckpt,computed by step25 on the val split from the validation-selected checkpoint; no test metric was read
FIXED_BASIC,fixed,1,2 BasicEntangler layers (8 quantum parameters),none - a single circuit; the softmax is identically 1.0,False,42,val,72052,8,2177,56227,13508,,plain_ce,False,False,990,0.9213267404324945,0.9232323232323232,0.9216745673266762,0.9253087156621429,0.9216745673266762,0.9234290103486037,0.8988983092130305,0.831275720164609,Glioma,fixed control,/kaggle/working/thesis/logs/train/runs/step25_quantum_circuit_ablation/FIXED_BASIC/seed_42/checkpoints/epoch_023.ckpt,computed by step25 on the val split from the validation-selected checkpoint; no test metric was read
FIXED_BASIC,fixed,1,2 BasicEntangler layers (8 quantum parameters),none - a single circuit; the softmax is identically 1.0,False,123,val,72052,8,2177,56227,13508,,plain_ce,False,False,990,0.9051063424643216,0.908080808080808,0.9051839579824286,0.9058608922379529,0.9051839579824286,0.9077043003940827,0.8775735950053449,0.8260869565217391,Meningioma,fixed control,/kaggle/working/thesis/logs/train/runs/step25_quantum_circuit_ablation/FIXED_BASIC/seed_123/checkpoints/epoch_026.ckpt,computed by step25 on the val split from the validation-selected checkpoint; no test metric was read
FIXED_DEEP,deep,1,4 BasicEntangler layers (16 quantum parameters),none - a single circuit; the softmax is identically 1.0,False,7,val,72060,16,2177,56227,13508,,plain_ce,False,False,990,0.9172965548667305,0.9202020202020202,0.9171689702506001,0.9181915306915307,0.9171689702506001,0.9194953858655718,0.8937102243825121,0.8217391304347826,Meningioma,fixed control,/kaggle/working/thesis/logs/train/runs/step25_quantum_circuit_ablation/FIXED_DEEP/seed_7/checkpoints/epoch_027.ckpt,computed by step25 on the val split from the validation-selected checkpoint; no test metric was read
FIXED_DEEP,deep,1,4 BasicEntangler layers (16 quantum parameters),none - a single circuit; the softmax is identically 1.0,False,42,val,72060,16,2177,56227,13508,,plain_ce,False,False,990,0.9181127621413625,0.9202020202020202,0.9181584651347166,0.9181138714191647,0.9181584651347166,0.9201336164597268,0.8935327519849301,0.8521739130434782,Meningioma,fixed control,/kaggle/working/thesis/logs/train/runs/step25_quantum_circuit_ablation/FIXED_DEEP/seed_42/checkpoints/epoch_025.ckpt,computed by step25 on the val split from the validation-selected checkpoint; no test metric was read
FIXED_DEEP,deep,1,4 BasicEntangler layers (16 quantum parameters),none - a single circuit; the softmax is identically 1.0,False,123,val,72060,16,2177,56227,13508,,plain_ce,False,False,990,0.9184337220205486,0.9212121212121213,0.9184746891600496,0.9186737095956183,0.9184746891600496,0.9206638199150704,0.8949177454221756,0.8304347826086956,Meningioma,fixed control,/kaggle/working/thesis/logs/train/runs/step25_quantum_circuit_ablation/FIXED_DEEP/seed_123/checkpoints/epoch_025.ckpt,computed by step25 on the val split from the validation-selected checkpoint; no test metric was read
FIXED_STRONG,strong,1,2 StronglyEntangling layers (24 quantum parameters),none - a single circuit; the softmax is identically 1.0,False,7,val,72068,24,2177,56227,13508,,plain_ce,False,False,990,0.9251892040250409,0.9272727272727272,0.9250625097366441,0.9261942997569509,0.9250625097366441,0.9271953238154954,0.9032050677265805,0.8695652173913043,Meningioma,fixed control,/kaggle/working/thesis/logs/train/runs/step25_quantum_circuit_ablation/FIXED_STRONG/seed_7/checkpoints/epoch_029.ckpt,computed by step25 on the val split from the validation-selected checkpoint; no test metric was read
FIXED_STRONG,strong,1,2 StronglyEntangling layers (24 quantum parameters),none - a single circuit; the softmax is identically 1.0,False,42,val,72068,24,2177,56227,13508,,plain_ce,False,False,990,0.9171163248297851,0.9202020202020202,0.9171935841974846,0.9176861394826669,0.9171935841974846,0.9194374924152021,0.8936747773410386,0.8260869565217391,Meningioma,fixed control,/kaggle/working/thesis/logs/train/runs/step25_quantum_circuit_ablation/FIXED_STRONG/seed_42/checkpoints/epoch_022.ckpt,computed by step25 on the val split from the validation-selected checkpoint; no test metric was read
FIXED_STRONG,strong,1,2 StronglyEntangling layers (24 quantum parameters),none - a single circuit; the softmax is identically 1.0,False,123,val,72068,24,2177,56227,13508,,plain_ce,False,False,990,0.926076171094994,0.9282828282828283,0.9261089892939333,0.926277005826164,0.9261089892939333,0.9279113695650004,0.9043511058770556,0.8521739130434782,Meningioma,fixed control,/kaggle/working/thesis/logs/train/runs/step25_quantum_circuit_ablation/FIXED_STRONG/seed_123/checkpoints/epoch_026.ckpt,computed by step25 on the val split from the validation-selected checkpoint; no test metric was read
ADAPTIVE_QUANTUM,"fixed,deep,strong,combined,reupload",5,"all five circuits - fixed, deep, strong, combined, reupload (104 quantum parameters)","adaptive soft mixture: a learned per-image softmax over the five circuits' outputs, conditioned on the classical features",True,7,val,72408,104,2437,56227,13508,,plain_ce,False,False,990,0.9324007216118372,0.9343434343434344,0.9322641558271789,0.9327960996856046,0.9322641558271789,0.9341529541380339,0.9124513258212021,0.8695652173913043,Meningioma,adaptive (H25 subject),/kaggle/working/thesis/logs/train/runs/step25_quantum_circuit_ablation/ADAPTIVE_QUANTUM/seed_7/checkpoints/epoch_028.ckpt,computed by step25 on the val split from the validation-selected checkpoint; no test metric was read
ADAPTIVE_QUANTUM,"fixed,deep,strong,combined,reupload",5,"all five circuits - fixed, deep, strong, combined, reupload (104 quantum parameters)","adaptive soft mixture: a learned per-image softmax over the five circuits' outputs, conditioned on the classical features",True,42,val,72408,104,2437,56227,13508,,plain_ce,False,False,990,0.925195080490788,0.9272727272727272,0.9251521700087456,0.9256216953585374,0.9251521700087456,0.9271724004065072,0.9030627228138005,0.8695652173913043,Meningioma,adaptive (H25 subject),/kaggle/working/thesis/logs/train/runs/step25_quantum_circuit_ablation/ADAPTIVE_QUANTUM/seed_42/checkpoints/epoch_028.ckpt,computed by step25 on the val split from the validation-selected checkpoint; no test metric was read
ADAPTIVE_QUANTUM,"fixed,deep,strong,combined,reupload",5,"all five circuits - fixed, deep, strong, combined, reupload (104 quantum parameters)","adaptive soft mixture: a learned per-image softmax over the five circuits' outputs, conditioned on the classical features",True,123,val,72408,104,2437,56227,13508,,plain_ce,False,False,990,0.9225774720106154,0.9242424242424242,0.922492498445993,0.9242127082893594,0.922492498445993,0.9245517324295704,0.8993918034345137,0.8724279835390947,Glioma,adaptive (H25 subject),/kaggle/working/thesis/logs/train/runs/step25_quantum_circuit_ablation/ADAPTIVE_QUANTUM/seed_123/checkpoints/epoch_025.ckpt,computed by step25 on the val split from the validation-selected checkpoint; no test metric was read
