split,class_name,label,count,fraction
train,Glioma,0,1134,0.24561403508771928
train,Meningioma,1,1071,0.23196881091617932
train,Pituitary,2,1218,0.26380766731643923
train,No-tumor,3,1194,0.2586094866796621
val,Glioma,0,243,0.24545454545454545
val,Meningioma,1,230,0.23232323232323232
val,Pituitary,2,261,0.2636363636363636
val,No-tumor,3,256,0.2585858585858586
test,Glioma,0,243,0.24545454545454545
test,Meningioma,1,230,0.23232323232323232
test,Pituitary,2,261,0.2636363636363636
test,No-tumor,3,256,0.2585858585858586
