class_name,rel_path,tumour_area_fraction,weight_0,weight_1,weight_2
Glioma,Testing/Glioma/BT-MRI Test GL (96).jpg,0.03242586096938776,0.36335495114326477,0.19701707363128662,0.4396279454231262
Glioma,Training/Glioma/BT-MRI GL Train  (4).jpg,0.08852838010204081,0.09468576312065125,0.13313785195350647,0.7721763849258423
Glioma,Training/Glioma/BT-MRI GL Train  (1021).jpg,0.09271364795918367,0.2481272965669632,0.15210968255996704,0.599763035774231
Glioma,Training/Glioma/BT-MRI GL Train  (425).jpg,0.08924585459183673,0.07154634594917297,0.1646387279033661,0.7638149261474609
Glioma,Testing/Glioma/BT-MRI Test GL (278).jpg,0.05586336096938776,0.2605048418045044,0.1982383280992508,0.5412567853927612
Glioma,Training/Glioma/BT-MRI GL Train  (125).jpg,0.04342713647959184,0.1723051518201828,0.21576941013336182,0.6119254231452942
Glioma,Training/Glioma/BT-MRI GL Train  (723).jpg,0.0907405931122449,0.24170170724391937,0.2391173243522644,0.519180953502655
Glioma,Training/Glioma/BT-MRI GL Train  (1016).jpg,0.11957908163265306,0.08991341292858124,0.33246827125549316,0.5776183009147644
Glioma,Testing/Glioma/BT-MRI Test GL (203).jpg,0.07411910076530612,0.10573548823595047,0.20160651206970215,0.692658007144928
Glioma,Training/Glioma/BT-MRI GL Train  (296).jpg,0.12340561224489796,0.11852318793535233,0.23678308725357056,0.6446936726570129
Glioma,Testing/Glioma/BT-MRI Test GL (261).jpg,0.09687898596938775,0.10941758006811142,0.17061613500118256,0.7199662923812866
Glioma,Training/Glioma/BT-MRI GL Train  (342).jpg,0.03571428571428571,0.18262021243572235,0.23032306134700775,0.5870566964149475
Glioma,Training/Glioma/BT-MRI GL Train  (492).jpg,0.08735251913265306,0.07757382839918137,0.14662763476371765,0.775798499584198
Glioma,Training/Glioma/BT-MRI GL Train  (130).jpg,0.04781170280612245,0.1506657600402832,0.2117260843515396,0.6376081705093384
Glioma,Training/Glioma/BT-MRI GL Train  (756).jpg,0.08679448341836735,0.1696426421403885,0.18801549077033997,0.6423418521881104
Glioma,Training/Glioma/BT-MRI GL Train  (1105).jpg,0.07862324617346939,0.06775496900081635,0.13012602925300598,0.8021189570426941
Glioma,Testing/Glioma/BT-MRI Test GL (161).jpg,0.10999282525510204,0.23641705513000488,0.132124125957489,0.6314588189125061
Glioma,Training/Glioma/BT-MRI GL Train  (1193).jpg,0.11605149872448979,0.14904826879501343,0.20473238825798035,0.6462193131446838
Glioma,Training/Glioma/BT-MRI GL Train  (1142).jpg,0.07395966198979592,0.0790424644947052,0.33211714029312134,0.5888404250144958
Glioma,Training/Glioma/BT-MRI GL Train  (15).jpg,0.267757493622449,0.21686850488185883,0.3064352869987488,0.4766962230205536
Glioma,Training/Glioma/BT-MRI GL Train  (401).jpg,0.05100047831632653,0.2730157971382141,0.22090788185596466,0.5060763359069824
Glioma,Training/Glioma/BT-MRI GL Train  (1226).jpg,0.10086495535714286,0.07429125159978867,0.2052146941423416,0.7204940319061279
Glioma,Testing/Glioma/BT-MRI Test GL (300).jpg,0.029496173469387755,0.42694008350372314,0.2316216379404068,0.34143826365470886
Glioma,Training/Glioma/BT-MRI GL Train  (1280).jpg,0.04673549107142857,0.15894871950149536,0.1503458023071289,0.6907055377960205
Glioma,Training/Glioma/BT-MRI GL Train  (229).jpg,0.026426977040816327,0.32852688431739807,0.13592229783535004,0.5355507731437683
Glioma,Training/Glioma/BT-MRI GL Train  (1225).jpg,0.09954958545918367,0.07596049457788467,0.3335961401462555,0.5904433727264404
Glioma,Training/Glioma/BT-MRI GL Train  (175).jpg,0.03017378826530612,0.26684197783470154,0.16029754281044006,0.5728604793548584
Glioma,Training/Glioma/BT-MRI GL Train  (774).jpg,0.08183195153061225,0.2607515752315521,0.2463522106409073,0.4928961992263794
Glioma,Training/Glioma/BT-MRI GL Train  (763).jpg,0.08641581632653061,0.5424755215644836,0.1426689624786377,0.31485554575920105
Glioma,Testing/Glioma/BT-MRI Test GL (170).jpg,0.09267378826530612,0.16859710216522217,0.17547303438186646,0.6559298634529114
Glioma,Training/Glioma/BT-MRI GL Train  (549).jpg,0.05504623724489796,0.20927076041698456,0.2284867912530899,0.5622424483299255
Glioma,Training/Glioma/BT-MRI GL Train  (803).jpg,0.11595184948979592,0.17705117166042328,0.17385505139827728,0.6490938067436218
Glioma,Training/Glioma/BT-MRI GL Train  (1301).jpg,0.042490433673469385,0.09912775456905365,0.24593082070350647,0.6549413800239563
Glioma,Training/Glioma/BT-MRI GL Train  (1160).jpg,0.08964445153061225,0.07892563194036484,0.14663855731487274,0.7744357585906982
Glioma,Training/Glioma/BT-MRI GL Train  (27).jpg,0.0830078125,0.128952294588089,0.11242994666099548,0.7586177587509155
Glioma,Training/Glioma/BT-MRI GL Train  (824).jpg,0.05933115433673469,0.23911535739898682,0.17635905742645264,0.5845255851745605
Glioma,Testing/Glioma/BT-MRI Test GL (217).jpg,0.1336296237244898,0.15576407313346863,0.20702676475048065,0.6372092366218567
Glioma,Testing/Glioma/BT-MRI Test GL (162).jpg,0.12892617984693877,0.10876425355672836,0.13583998382091522,0.755395770072937
Glioma,Training/Glioma/BT-MRI GL Train  (219).jpg,0.28746811224489793,0.052345264703035355,0.7579428553581238,0.18971192836761475
Glioma,Training/Glioma/BT-MRI GL Train  (206).jpg,0.030652104591836735,0.7538995146751404,0.14368508756160736,0.10241545736789703
Meningioma,Training/Meningioma/BT-MRI  ME Train (1075).jpg,0.06283880739795919,0.09231732040643692,0.19575560092926025,0.711927056312561
Meningioma,Training/Meningioma/BT-MRI  ME Train (659).jpg,0.36521444515306123,0.3756614327430725,0.24644294381141663,0.37789562344551086
Meningioma,Training/Meningioma/BT-MRI  ME Train (958).jpg,0.09514508928571429,0.10538896173238754,0.11751392483711243,0.7770971059799194
Meningioma,Testing/Meningioma/BT-MRI ME Test (180).jpg,0.12258848852040816,0.05633380636572838,0.14415447413921356,0.7995116710662842
Meningioma,Training/Meningioma/BT-MRI  ME Train (259).jpg,0.10696348852040816,0.3052409589290619,0.41966933012008667,0.27508968114852905
Meningioma,Training/Meningioma/BT-MRI  ME Train (555).jpg,0.11226482780612244,0.10725492238998413,0.17912785708904266,0.713617205619812
Meningioma,Training/Meningioma/BT-MRI  ME Train (1036).jpg,0.07093032525510204,0.1800200343132019,0.19202671945095062,0.6279532313346863
Meningioma,Training/Meningioma/BT-MRI  ME Train (738).jpg,0.16334502551020408,0.16272015869617462,0.2717167139053345,0.5655631422996521
Meningioma,Training/Meningioma/BT-MRI  ME Train (1139).jpg,0.09040178571428571,0.09264577180147171,0.22706332802772522,0.680290937423706
Meningioma,Training/Meningioma/BT-MRI  ME Train (1283).jpg,0.09891183035714286,0.14163373410701752,0.6078641414642334,0.2505021393299103
Meningioma,Training/Meningioma/BT-MRI  ME Train (707).jpg,0.1057876275510204,0.20922069251537323,0.15871666371822357,0.6320626735687256
Meningioma,Training/Meningioma/BT-MRI  ME Train (1270).jpg,0.07794563137755102,0.14162375032901764,0.16101154685020447,0.6973646879196167
Meningioma,Training/Meningioma/BT-MRI  ME Train (1266).jpg,0.07678970025510204,0.20577313005924225,0.3893067538738251,0.40492013096809387
Meningioma,Training/Meningioma/BT-MRI  ME Train (1278).jpg,0.08201132015306123,0.11699225008487701,0.41794562339782715,0.46506214141845703
Meningioma,Training/Meningioma/BT-MRI  ME Train (726).jpg,0.06969467474489796,0.16547392308712006,0.12171422690153122,0.7128118872642517
Meningioma,Testing/Meningioma/BT-MRI ME Test (212).jpg,0.10323660714285714,0.08395262062549591,0.257375031709671,0.6586723923683167
Meningioma,Testing/Meningioma/BT-MRI ME Test (178).jpg,0.09408880739795919,0.05394567921757698,0.2068415880203247,0.739212691783905
Meningioma,Training/Meningioma/BT-MRI  ME Train (761).jpg,0.11774553571428571,0.21414092183113098,0.2718432545661926,0.5140158534049988
Meningioma,Training/Meningioma/BT-MRI  ME Train (706).jpg,0.10973373724489796,0.18420888483524323,0.146708145737648,0.6690829992294312
Meningioma,Training/Meningioma/BT-MRI  ME Train (246).jpg,0.0897640306122449,0.18885377049446106,0.5790696740150452,0.23207658529281616
Meningioma,Training/Meningioma/BT-MRI  ME Train (328).jpg,0.11268335459183673,0.09359021484851837,0.4003060758113861,0.5061037540435791
Meningioma,Training/Meningioma/BT-MRI  ME Train (812).jpg,0.3280652104591837,0.3453359305858612,0.21013277769088745,0.44453129172325134
Meningioma,Training/Meningioma/BT-MRI  ME Train (622).jpg,0.11615114795918367,0.07157908380031586,0.18407176434993744,0.7443490624427795
Meningioma,Testing/Meningioma/BT-MRI ME Test (242).jpg,0.11266342474489796,0.09566019475460052,0.16846373677253723,0.7358760237693787
Meningioma,Training/Meningioma/BT-MRI  ME Train (257).jpg,0.15718670280612246,0.10266662389039993,0.8360924124717712,0.06124098226428032
Meningioma,Testing/Meningioma/BT-MRI ME Test (228).jpg,0.10927535076530612,0.13035236299037933,0.203312948346138,0.6663346886634827
Meningioma,Training/Meningioma/BT-MRI  ME Train (789).jpg,0.12547831632653061,0.04771577566862106,0.5270589590072632,0.42522525787353516
Meningioma,Training/Meningioma/BT-MRI  ME Train (637).jpg,0.11086973852040816,0.12123696506023407,0.20413704216480255,0.6746259927749634
Meningioma,Training/Meningioma/BT-MRI  ME Train (237).jpg,0.11210538903061225,0.05291604995727539,0.8699769377708435,0.0771070122718811
Meningioma,Training/Meningioma/BT-MRI  ME Train (216).jpg,0.22889429209183673,0.07544497400522232,0.8304165601730347,0.09413851052522659
Meningioma,Training/Meningioma/BT-MRI  ME Train (446).jpg,0.10092474489795919,0.050875693559646606,0.22262942790985107,0.7264949083328247
Meningioma,Training/Meningioma/BT-MRI  ME Train (1101).jpg,0.10891661352040816,0.04855923354625702,0.21139857172966003,0.7400422096252441
Meningioma,Training/Meningioma/BT-MRI  ME Train (264).jpg,0.4265186543367347,0.08755986392498016,0.5934910178184509,0.3189491033554077
Meningioma,Testing/Meningioma/BT-MRI ME Test (271).jpg,0.09275350765306123,0.07387463748455048,0.13737216591835022,0.7887531518936157
Meningioma,Training/Meningioma/BT-MRI  ME Train (1322).jpg,0.06194196428571429,0.0707189291715622,0.4267016351222992,0.5025794506072998
Meningioma,Training/Meningioma/BT-MRI  ME Train (322).jpg,0.1525031887755102,0.12827688455581665,0.32288888096809387,0.5488342642784119
Meningioma,Training/Meningioma/BT-MRI  ME Train (325).jpg,0.08649553571428571,0.18586157262325287,0.23960484564304352,0.5745335221290588
Meningioma,Training/Meningioma/BT-MRI  ME Train (676).jpg,0.08059630102040816,0.09587971121072769,0.1966218501329422,0.7074983716011047
Meningioma,Training/Meningioma/BT-MRI  ME Train (602).jpg,0.08801020408163265,0.13568267226219177,0.1681186556816101,0.6961986422538757
Meningioma,Training/Meningioma/BT-MRI  ME Train (120).jpg,0.12998246173469388,0.07826560735702515,0.34077584743499756,0.5809585452079773
Pituitary,Training/Pituitary/BT-MRI PI Train (1141).jpg,0.08685427295918367,0.06117745116353035,0.11978458613157272,0.8190380334854126
Pituitary,Testing/Pituitary/BT-MRI PI Test (257).jpg,0.10536910076530612,0.11649888008832932,0.16109098494052887,0.7224101424217224
Pituitary,Training/Pituitary/BT-MRI PI Train (552).jpg,0.11575255102040816,0.07228417694568634,0.17574508488178253,0.7519707679748535
Pituitary,Testing/Pituitary/BT-MRI PI Test (87).jpg,0.09789540816326531,0.1405586302280426,0.17725473642349243,0.6821866035461426
Pituitary,Training/Pituitary/BT-MRI PI Train (270).jpg,0.42671795280612246,0.3488532602787018,0.21635626256465912,0.4347904622554779
Pituitary,Training/Pituitary/BT-MRI PI Train (968).jpg,0.11880181760204081,0.14420799911022186,0.20243902504444122,0.6533529162406921
Pituitary,Training/Pituitary/BT-MRI PI Train (80).jpg,0.11352040816326531,0.09650196880102158,0.18251127004623413,0.7209867238998413
Pituitary,Training/Pituitary/BT-MRI PI Train (845).jpg,0.16689253826530612,0.11070557683706284,0.23825252056121826,0.6510418653488159
Pituitary,Training/Pituitary/BT-MRI PI Train (195).jpg,0.39905532525510207,0.5333420038223267,0.18225204944610596,0.28440597653388977
Pituitary,Training/Pituitary/BT-MRI PI Train (279).jpg,0.12496014030612244,0.10893642157316208,0.15468958020210266,0.7363739013671875
Pituitary,Training/Pituitary/BT-MRI PI Train (132).jpg,0.11471619897959184,0.0636015310883522,0.24191132187843323,0.6944872140884399
Pituitary,Testing/Pituitary/BT-MRI PI Test (112).jpg,0.09369021045918367,0.09442085772752762,0.17427709698677063,0.7313020825386047
Pituitary,Training/Pituitary/BT-MRI PI Train (1172).jpg,0.1065250318877551,0.04505222663283348,0.1396421641111374,0.8153056502342224
Pituitary,Training/Pituitary/BT-MRI PI Train (81).jpg,0.5225805165816326,0.45935890078544617,0.1812438815832138,0.3593972623348236
Pituitary,Training/Pituitary/BT-MRI PI Train (825).jpg,0.27505181760204084,0.325651615858078,0.2317187786102295,0.4426295757293701
Pituitary,Testing/Pituitary/BT-MRI PI Test (76).jpg,0.10993303571428571,0.07822341471910477,0.18349650502204895,0.7382801175117493
Pituitary,Training/Pituitary/BT-MRI PI Train (1219).jpg,0.09847337372448979,0.042842693626880646,0.15227769315242767,0.8048796057701111
Pituitary,Testing/Pituitary/BT-MRI PI Test (64).jpg,0.44826211734693877,0.42271527647972107,0.1602906733751297,0.4169940650463104
Pituitary,Training/Pituitary/BT-MRI PI Train (1187).jpg,0.12436224489795919,0.04576960951089859,0.22656507790088654,0.7276651859283447
Pituitary,Testing/Pituitary/BT-MRI PI Test (278).jpg,0.08671476403061225,0.2735278606414795,0.1464935690164566,0.5799785852432251
Pituitary,Training/Pituitary/BT-MRI PI Train (1264).jpg,0.2840601084183674,0.27812960743904114,0.19613060355186462,0.5257397890090942
Pituitary,Training/Pituitary/BT-MRI PI Train (1218).jpg,0.3272281568877551,0.2131740003824234,0.25095629692077637,0.5358697175979614
Pituitary,Training/Pituitary/BT-MRI PI Train (759).jpg,0.4171117665816326,0.34197643399238586,0.20312771201133728,0.45489585399627686
Pituitary,Training/Pituitary/BT-MRI PI Train (543).jpg,0.08095503826530612,0.1521197259426117,0.14103132486343384,0.7068489789962769
Pituitary,Training/Pituitary/BT-MRI PI Train (1376).jpg,0.5231186224489796,0.2465846687555313,0.24185842275619507,0.5115569233894348
Pituitary,Testing/Pituitary/BT-MRI PI Test (233).jpg,0.13518415178571427,0.06491117179393768,0.16755029559135437,0.7675385475158691
Pituitary,Training/Pituitary/BT-MRI PI Train (1375).jpg,0.519172512755102,0.4619363248348236,0.17376598715782166,0.36429765820503235
Pituitary,Training/Pituitary/BT-MRI PI Train (551).jpg,0.11692841198979592,0.10801587253808975,0.1147192046046257,0.7772649526596069
Pituitary,Training/Pituitary/BT-MRI PI Train (548).jpg,0.14180086096938777,0.17094604671001434,0.19261763989925385,0.6364363431930542
Pituitary,Training/Pituitary/BT-MRI PI Train (1098).jpg,0.316585618622449,0.34055081009864807,0.20566242933273315,0.4537867307662964
Pituitary,Training/Pituitary/BT-MRI PI Train (645).jpg,0.05933115433673469,0.12911613285541534,0.17449666559696198,0.6963872313499451
Pituitary,Training/Pituitary/BT-MRI PI Train (946).jpg,0.08631616709183673,0.1397315412759781,0.2497749626636505,0.6104934811592102
Pituitary,Training/Pituitary/BT-MRI PI Train (180).jpg,0.14451132015306123,0.05255240201950073,0.1765545755624771,0.7708929777145386
Pituitary,Training/Pituitary/BT-MRI PI Train (1017).jpg,0.1190609056122449,0.10303289443254471,0.15504150092601776,0.7419255971908569
Pituitary,Training/Pituitary/BT-MRI PI Train (644).jpg,0.10299744897959184,0.0986318588256836,0.25605157017707825,0.6453166007995605
Pituitary,Testing/Pituitary/BT-MRI PI Test (247).jpg,0.10706313775510204,0.22918474674224854,0.18150082230567932,0.5893144607543945
Pituitary,Training/Pituitary/BT-MRI PI Train (828).jpg,0.11053093112244898,0.08746938407421112,0.25083059072494507,0.6616999506950378
Pituitary,Training/Pituitary/BT-MRI PI Train (637).jpg,0.09873246173469388,0.09948363155126572,0.1846856325864792,0.7158306837081909
Pituitary,Testing/Pituitary/BT-MRI PI Test (106).jpg,0.09369021045918367,0.10443371534347534,0.15961730480194092,0.7359489798545837
Pituitary,Training/Pituitary/BT-MRI PI Train (445).jpg,0.0927734375,0.06279557943344116,0.11756952106952667,0.8196349143981934
