rq_id,rq_question,status,source_stage,source_path,comparison_or_analysis,metric,statistical_status,role,interpretation
RQ1,Improve multiclass classification,descriptive_only,step16_internal,logs/analyze/runs_swin/step16_internal/step16_internal_summary.json,step16_internal,,descriptive,secondary,"The shipped model's internal test result. This is the study's headline claim, from the single evaluation Step 16 is permitted."
RQ1,Improve multiclass classification,descriptive_only,step17_external,logs/analyze/runs_swin/step17_external/step17_external_summary.json,step17_external,,descriptive,secondary,"The shipped model on the external dataset, which is the second half of ""internal and external test sets""."
RQ1,Improve multiclass classification,descriptive_only,step18_robustness,logs/analyze/runs_swin/step18_robustness/step18_robustness_summary.json,step18_robustness,clean_scores,descriptive,secondary,The shipped model against the EfficientNet-B0 and ViT baselines on undegraded data. Two of the seven Step 9 baselines - see the limitation.
RQ1,Improve multiclass classification,descriptive_only,step21_ablation,logs/analyze/runs_swin/step21_ablation/step21_ablation_summary.json,P,,descriptive,secondary,The shipped model as it appears in the ablation ladder.
RQ2,Diffusion preprocessing,descriptive_only,step23_statistics,logs/analyze/runs_swin/step23_statistics/step23_statistics_summary.json,H1,macro_f1,formal,primary,"Diffusion against conventional preprocessing, the pre-registered test of this question. Holm-corrected within the four-member primary family."
RQ2,Diffusion preprocessing,descriptive_only,step23_statistics,logs/analyze/runs_swin/step23_statistics/step23_statistics_summary.json,A1_vs_A0,macro_f1,descriptive,secondary,"Conventional preprocessing against raw images. Descriptive: the intensity treatment alone, not a registered hypothesis."
RQ2,Diffusion preprocessing,descriptive_only,step21_ablation,logs/analyze/runs_swin/step21_ablation/step21_ablation_summary.json,A0,,descriptive,secondary,The no-preprocessing condition.
RQ2,Diffusion preprocessing,descriptive_only,step21_ablation,logs/analyze/runs_swin/step21_ablation/step21_ablation_summary.json,A1,,descriptive,secondary,The conventional Step 5 pipeline.
RQ2,Diffusion preprocessing,descriptive_only,step21_ablation,logs/analyze/runs_swin/step21_ablation/step21_ablation_summary.json,A2,,descriptive,secondary,The diffusion condition.
RQ2,Diffusion preprocessing,descriptive_only,step18_robustness,logs/analyze/runs_swin/step18_robustness/step18_robustness_summary.json,step18_robustness,,descriptive,secondary,"Robustness under noise, which the specification names for this question."
RQ2,Diffusion preprocessing,descriptive_only,step23_statistics,logs/analyze/runs_swin/step23_statistics/step23_statistics_summary.json,A7_vs_P,macro_f1,descriptive,secondary,"End-to-end: the diffusion ladder's top row against the shipped model, which uses the recipe Step 6 selected. Descriptive only - P is single-seed, so no seed-level claim is supported. Row P is single-seed, so this carries no seed-level claim."
RQ2,Diffusion preprocessing,descriptive_only,step06_preprocessing,logs/analyze/runs_swin/step06_preprocessing/step06_preprocessing_summary.json,step06_preprocessing,,descriptive,secondary,"The image-quality and edge-preservation ranking, which is the ""image quality"" half of the specification's evidence column."
RQ3,Boundary and texture preservation,partially_supported,step19_explainability,logs/analyze/runs_swin/step19_explainability/step19_explainability_summary.json,step19_explainability,,descriptive,secondary,Grad-CAM panels with deletion and insertion sanity checks. These are the specification's named evidence for this question.
RQ3,Boundary and texture preservation,partially_supported,step21_ablation,logs/analyze/runs_swin/step21_ablation/step21_ablation_summary.json,A8,,identical_by_construction,secondary,"The explainability row. Its classification metrics are A7's by construction, so its contribution here is qualitative rather than a performance delta. Classification metrics are identical to A7's by construction."
RQ3,Boundary and texture preservation,partially_supported,not_available,,segmentation_masks,,evidence_missing,secondary,"The specification allows ""use masks if available"". The dataset ships no segmentation masks, so localization cannot be scored against ground truth."
RQ4,Adaptive kernels/circuits,supported,step23_statistics,logs/analyze/runs_swin/step23_statistics/step23_statistics_summary.json,H2,macro_f1,formal,primary,"The adaptive quantum branch against the fixed QCNN - the circuits half of this question, and a Holm-corrected primary hypothesis."
RQ4,Adaptive kernels/circuits,supported,step21_ablation,logs/analyze/runs_swin/step21_ablation/step21_ablation_summary.json,A3,,descriptive,secondary,"The adaptive multiscale branch. Compared against A1 descriptively: the backbone changes as well as the module, so the contrast is confounded and is not a registered hypothesis."
RQ4,Adaptive kernels/circuits,supported,step21_ablation,logs/analyze/runs_swin/step21_ablation/step21_ablation_summary.json,A1,,descriptive,secondary,The fixed-kernel CNN the adaptive multiscale branch is read against.
RQ4,Adaptive kernels/circuits,supported,step11_gate_morphology,logs/analyze/runs_swin/step11_gate_morphology/step11_gate_morphology_summary.json,step11_gate_morphology,,descriptive,secondary,"The learned scale weights, which the specification names explicitly as evidence for this question."
RQ5,Tumor variation handling,partially_supported,step16_internal,logs/analyze/runs_swin/step16_internal/step16_internal_summary.json,step16_internal,per_class,descriptive,secondary,"Class-wise metrics for the shipped model, which is the half of this question the available data can answer."
RQ5,Tumor variation handling,partially_supported,step21_ablation,logs/analyze/runs_swin/step21_ablation/step21_ablation_summary.json,P,,descriptive,secondary,"Class-wise recall across the ablation, per row and per seed."
RQ5,Tumor variation handling,partially_supported,not_available,,tumour_size_subgroups,,evidence_missing,secondary,"The specification conditions this on metadata being available. The dataset ships no tumour-size or appearance annotations, so subgroup performance cannot be computed and is reported as absent rather than approximated."
RQ6,Imbalance strategy,descriptive_only,step23_statistics,logs/analyze/runs_swin/step23_statistics/step23_statistics_summary.json,H3,macro_f1,formal,primary,"The imbalance-aware loss Step 14 selected against plain cross-entropy, on the otherwise identical core model. A Holm-corrected primary hypothesis."
RQ6,Imbalance strategy,descriptive_only,step08_imbalance,logs/analyze/runs_swin/step08_imbalance/step08_imbalance_summary.json,step08_imbalance,,descriptive,secondary,"The full strategy sweep - class weights, focal loss, sampler and augmentation - which is the comparison the specification describes."
RQ6,Imbalance strategy,descriptive_only,step14_loss_selection,logs/analyze/runs_swin/step14_loss_selection/step14_loss_selection_summary.json,step14_loss_selection,,descriptive,secondary,The validation-only choice between the permitted losses.
RQ7,External dataset performance,descriptive_only,step17_external,logs/analyze/runs_swin/step17_external/step17_external_summary.json,step17_external,,descriptive,secondary,"Cross-dataset macro-F1 and the performance drop, reported both restricted to the classes the external set contains and unrestricted."
RQ8,Quantum benefit,supported,step23_statistics,logs/analyze/runs_swin/step23_statistics/step23_statistics_summary.json,H4,macro_f1,formal,primary,The full fused model against the multiscale branch alone - adding the quantum branch and fusion. A Holm-corrected primary hypothesis.
RQ8,Quantum benefit,supported,step20_quantum_advantage,logs/analyze/runs_swin/step20_quantum_advantage/step20_quantum_advantage_summary.json,step20_quantum_advantage,,descriptive,secondary,"The dedicated quantum-advantage analysis: a retrained no-quantum control, the efficiency table with parameter count and time, and feature separability."
RQ8,Quantum benefit,supported,step21_ablation,logs/analyze/runs_swin/step21_ablation/step21_ablation_summary.json,A4,,descriptive,secondary,The fixed-circuit condition.
RQ8,Quantum benefit,supported,step21_ablation,logs/analyze/runs_swin/step21_ablation/step21_ablation_summary.json,A5,,descriptive,secondary,The adaptive-circuit condition.
RQ9,Explainability,descriptive_only,step19_explainability,logs/analyze/runs_swin/step19_explainability/step19_explainability_summary.json,step19_explainability,,descriptive,secondary,"Class-specific Grad-CAM panels covering correct and incorrect cases, with deletion/insertion sanity checks and MC-dropout uncertainty. Explainability is assessed, not significance-tested."
RQ10,Component contribution,supported,step21_ablation,logs/analyze/runs_swin/step21_ablation/step21_ablation_summary.json,A0,,descriptive,secondary,"The complete A0 to A8 ladder. A8's classification metrics are A7's by construction, so it contributes no delta of its own."
RQ10,Component contribution,supported,step21_ablation,logs/analyze/runs_swin/step21_ablation/step21_ablation_summary.json,A1,,descriptive,secondary,"The complete A0 to A8 ladder. A8's classification metrics are A7's by construction, so it contributes no delta of its own."
RQ10,Component contribution,supported,step21_ablation,logs/analyze/runs_swin/step21_ablation/step21_ablation_summary.json,A2,,descriptive,secondary,"The complete A0 to A8 ladder. A8's classification metrics are A7's by construction, so it contributes no delta of its own."
RQ10,Component contribution,supported,step21_ablation,logs/analyze/runs_swin/step21_ablation/step21_ablation_summary.json,A3,,descriptive,secondary,"The complete A0 to A8 ladder. A8's classification metrics are A7's by construction, so it contributes no delta of its own."
RQ10,Component contribution,supported,step21_ablation,logs/analyze/runs_swin/step21_ablation/step21_ablation_summary.json,A4,,descriptive,secondary,"The complete A0 to A8 ladder. A8's classification metrics are A7's by construction, so it contributes no delta of its own."
RQ10,Component contribution,supported,step21_ablation,logs/analyze/runs_swin/step21_ablation/step21_ablation_summary.json,A5,,descriptive,secondary,"The complete A0 to A8 ladder. A8's classification metrics are A7's by construction, so it contributes no delta of its own."
RQ10,Component contribution,supported,step21_ablation,logs/analyze/runs_swin/step21_ablation/step21_ablation_summary.json,A6,,descriptive,secondary,"The complete A0 to A8 ladder. A8's classification metrics are A7's by construction, so it contributes no delta of its own."
RQ10,Component contribution,supported,step21_ablation,logs/analyze/runs_swin/step21_ablation/step21_ablation_summary.json,A7,,descriptive,secondary,"The complete A0 to A8 ladder. A8's classification metrics are A7's by construction, so it contributes no delta of its own."
RQ10,Component contribution,supported,step21_ablation,logs/analyze/runs_swin/step21_ablation/step21_ablation_summary.json,A8,,identical_by_construction,secondary,"The complete A0 to A8 ladder. A8's classification metrics are A7's by construction, so it contributes no delta of its own. Classification metrics are identical to A7's by construction, so this rung contributes no delta of its own."
RQ10,Component contribution,supported,step21_ablation,logs/analyze/runs_swin/step21_ablation/step21_ablation_summary.json,P,,descriptive,secondary,"The complete A0 to A8 ladder. A8's classification metrics are A7's by construction, so it contributes no delta of its own."
RQ10,Component contribution,supported,step23_statistics,logs/analyze/runs_swin/step23_statistics/step23_statistics_summary.json,H1,macro_f1,formal,primary,The preprocessing module's contribution.
RQ10,Component contribution,supported,step23_statistics,logs/analyze/runs_swin/step23_statistics/step23_statistics_summary.json,H2,macro_f1,formal,primary,The adaptive circuit's contribution.
RQ10,Component contribution,supported,step23_statistics,logs/analyze/runs_swin/step23_statistics/step23_statistics_summary.json,H3,macro_f1,formal,primary,The imbalance-aware loss's contribution.
RQ10,Component contribution,supported,step23_statistics,logs/analyze/runs_swin/step23_statistics/step23_statistics_summary.json,H4,macro_f1,formal,primary,The quantum branch and fusion's contribution.
