model,category,severity,macro_f1,drop_from_clean
proposed,clean,none,0.9823798783532688,0.0
efficientnet_b0,clean,none,0.9782516666363597,0.0
vit,clean,none,0.9824043443677792,0.0
proposed,gaussian_noise,sigma=10,0.965870084919253,0.016509793434015818
efficientnet_b0,gaussian_noise,sigma=10,0.2574833585518462,0.7207683080845135
vit,gaussian_noise,sigma=10,0.9193661337755153,0.06303821059226389
proposed,gaussian_noise,sigma=25,0.8670801256160239,0.11529975273724491
efficientnet_b0,gaussian_noise,sigma=25,0.23475762889652163,0.743494037739838
vit,gaussian_noise,sigma=25,0.6972411380282879,0.2851632063394913
proposed,gaussian_noise,sigma=40,0.4949420230436077,0.4874378553096611
efficientnet_b0,gaussian_noise,sigma=40,0.18415234096669303,0.7940993256696667
vit,gaussian_noise,sigma=40,0.4452396176000579,0.5371647267677213
proposed,contrast_shift,0.7x,0.9833753183271804,-0.0009954399739116049
efficientnet_b0,contrast_shift,0.7x,0.9740171609496576,0.004234505686702028
vit,contrast_shift,0.7x,0.980320920486633,0.0020834238811462402
proposed,contrast_shift,0.5x,0.977151814442467,0.005228063910801772
efficientnet_b0,contrast_shift,0.5x,0.952675668518521,0.025575998117838616
vit,contrast_shift,0.5x,0.9667023833863958,0.015701960981383434
proposed,contrast_shift,0.3x,0.9729534190436738,0.009426459309594959
efficientnet_b0,contrast_shift,0.3x,0.7482398772954874,0.2300117893408723
vit,contrast_shift,0.3x,0.9216911010397302,0.06071324332804906
proposed,blur,radius=1,0.9600092609968838,0.022370617356385014
efficientnet_b0,blur,radius=1,0.924743300322312,0.05350836631404765
vit,blur,radius=1,0.9523671039300383,0.03003724043774092
proposed,blur,radius=2,0.8733772130658335,0.1090026652874353
efficientnet_b0,blur,radius=2,0.5095910114780304,0.4686606551583292
vit,blur,radius=2,0.8015860008186172,0.18081834354916204
proposed,blur,radius=3,0.6645719664950435,0.3178079118582253
efficientnet_b0,blur,radius=3,0.3319361278363647,0.6463155387999949
vit,blur,radius=3,0.5870307173314737,0.3953736270363055
proposed,resolution,0.5x,0.9387546674152789,0.04362521093798988
efficientnet_b0,resolution,0.5x,0.8764597658283511,0.1017919008080086
vit,resolution,0.5x,0.9313021159554946,0.05110222841228462
proposed,resolution,0.25x,0.7924680809225852,0.18991179743068354
efficientnet_b0,resolution,0.25x,0.4391214537854084,0.5391302128509512
vit,resolution,0.25x,0.7898394443184932,0.19256490004928606
proposed,resolution,0.125x,0.49153787355973627,0.4908420047935325
efficientnet_b0,resolution,0.125x,0.24837653379721852,0.7298751328391411
vit,resolution,0.125x,0.4057253312497071,0.5766790131180721
proposed,intensity_shift,+20,0.9823480558074631,3.18225458056931e-05
efficientnet_b0,intensity_shift,+20,0.9761593265481074,0.002092340088252209
vit,intensity_shift,+20,0.9793422393742826,0.0030621049934966837
proposed,intensity_shift,+40,0.9812956993007396,0.0010841790525292216
efficientnet_b0,intensity_shift,+40,0.7954261066300482,0.18282556000631145
vit,intensity_shift,+40,0.9752389457388019,0.00716539862897736
proposed,intensity_shift,-30,0.9759759510303951,0.006403927322873648
efficientnet_b0,intensity_shift,-30,0.9348120872805638,0.0434395793557959
vit,intensity_shift,-30,0.9644245069290502,0.017979837438728996
