row_id,label,seed,recipe,loss,model,feature_tag,checkpoint,provenance,n_samples,macro_f1,balanced_accuracy,accuracy,macro_precision,macro_recall_sensitivity,weighted_f1,macro_specificity,mcc,auc_ovr_macro,expected_calibration_error,brier_score,min_class_recall,worst_class
A0,Raw image + baseline CNN,7,raw,plain_ce,branch_classical,,logs/train/runs/step21_ablation_swin/A0/seed_7/checkpoints/epoch_019.ckpt,computed by step21 from the validation-selected checkpoint,990,0.9855645385093824,0.9857336968572041,0.9858585858585859,0.9854772798998223,0.9857336968572041,0.9859077322368316,0.9953413230570104,0.9811579215103094,0.9992579442362102,0.012431513901912801,0.026286087959851726,0.9826086956521739,Meningioma
A0,Raw image + baseline CNN,42,raw,plain_ce,branch_classical,,logs/train/runs/step21_ablation_swin/A0/seed_42/checkpoints/epoch_014.ckpt,computed by step21 from the validation-selected checkpoint,990,0.9794010304716502,0.9798131557292341,0.9797979797979798,0.979332173066422,0.9798131557292341,0.979909919668759,0.9933725137732677,0.9731592950579948,0.9993213869998658,0.011651338862650337,0.03110516216271529,0.9670781893004116,Glioma
A0,Raw image + baseline CNN,123,raw,plain_ce,branch_classical,,logs/train/runs/step21_ablation_swin/A0/seed_123/checkpoints/epoch_010.ckpt,computed by step21 from the validation-selected checkpoint,990,0.979350229605372,0.979521415507524,0.9797979797979798,0.9793654054084896,0.979521415507524,0.9798479531038711,0.9933362739471666,0.9731034469368554,0.9989912746314034,0.01151753898822902,0.03178557122349058,0.9629629629629629,Glioma
A1,Conventional preprocessing + CNN,7,conventional,plain_ce,branch_classical,,logs/train/runs/step21_ablation_swin/A1/seed_7/checkpoints/epoch_024.ckpt,computed by step21 from the validation-selected checkpoint,990,0.9845633615109295,0.9848980481788426,0.9848484848484849,0.9846409731325523,0.9848980481788426,0.9849195809918547,0.9950261610676651,0.9799140014996214,0.9994513534526365,0.01440756519635519,0.027844087927697637,0.9670781893004116,Glioma
A1,Conventional preprocessing + CNN,42,conventional,plain_ce,branch_classical,,logs/train/runs/step21_ablation_swin/A1/seed_42/checkpoints/epoch_025.ckpt,computed by step21 from the validation-selected checkpoint,990,0.9855555174529427,0.9857455085632338,0.9858585858585859,0.9856456726009369,0.9857455085632338,0.985894564137242,0.9953411202763865,0.9812180253993279,0.9995576616974868,0.011663576328393186,0.025589104150147174,0.9670781893004116,Glioma
A1,Conventional preprocessing + CNN,123,conventional,plain_ce,branch_classical,,logs/train/runs/step21_ablation_swin/A1/seed_123/checkpoints/epoch_017.ckpt,computed by step21 from the validation-selected checkpoint,990,0.9834036893510721,0.9836110373632628,0.9838383838383838,0.9835212735376885,0.9836110373632628,0.9839001007865306,0.9946891529731662,0.9785377072921606,0.9993548547237431,0.01230760939193493,0.02776415858109761,0.9629629629629629,Glioma
A2,Diffusion preprocessing + CNN,7,diffusion_i5_k15,plain_ce,branch_classical,,logs/train/runs/step21_ablation_swin/A2/seed_7/checkpoints/epoch_020.ckpt,computed by step21 from the validation-selected checkpoint,990,0.9845513700502455,0.9848398982414657,0.9848484848484849,0.9845279774413327,0.9848398982414657,0.9849093531244419,0.9950204364146672,0.979867937953933,0.9992173409356204,0.010649824383282895,0.02471700264270727,0.9711934156378601,Glioma
A2,Diffusion preprocessing + CNN,42,diffusion_i5_k15,plain_ce,branch_classical,,logs/train/runs/step21_ablation_swin/A2/seed_42/checkpoints/epoch_023.ckpt,computed by step21 from the validation-selected checkpoint,990,0.9845085411557872,0.9845422521667407,0.9848484848484849,0.9845309024105406,0.9845422521667407,0.9848642563338732,0.9949867354422698,0.9797999189147025,0.9991721438902885,0.01301688076269748,0.028850294384821087,0.9753086419753086,Glioma
A2,Diffusion preprocessing + CNN,123,diffusion_i5_k15,plain_ce,branch_classical,,logs/train/runs/step21_ablation_swin/A2/seed_123/checkpoints/epoch_026.ckpt,computed by step21 from the validation-selected checkpoint,990,0.9865497530308109,0.9865683550007404,0.9868686868686869,0.9866093413891823,0.9865683550007404,0.9868816224989289,0.9956562822657318,0.9825034106066086,0.9992968882894123,0.010155407286653578,0.02320654409960955,0.9753086419753086,Glioma
A3,Diffusion + adaptive multiscale branch,7,diffusion_i5_k15,plain_ce,branch_multiscale,,logs/train/runs/step21_ablation_swin/A3/seed_7/checkpoints/epoch_020.ckpt,computed by step21 from the validation-selected checkpoint,990,0.7470174380585681,0.7531684220582611,0.7626262626262627,0.7611543518208082,0.7531684220582611,0.753148167855861,0.9206622282012894,0.6891765245910637,0.9362717710504962,0.15974511829289523,0.364307643974334,0.43478260869565216,Meningioma
A3,Diffusion + adaptive multiscale branch,42,diffusion_i5_k15,plain_ce,branch_multiscale,,logs/train/runs/step21_ablation_swin/A3/seed_42/checkpoints/epoch_029.ckpt,computed by step21 from the validation-selected checkpoint,990,0.77280973495055,0.7748060395438855,0.7818181818181819,0.7758255907860901,0.7748060395438855,0.7782777097995244,0.9274460757392377,0.7100528069442499,0.9358608327290134,0.16652624805768332,0.3500511696902505,0.5391304347826087,Meningioma
A3,Diffusion + adaptive multiscale branch,123,diffusion_i5_k15,plain_ce,branch_multiscale,,logs/train/runs/step21_ablation_swin/A3/seed_123/checkpoints/epoch_025.ckpt,computed by step21 from the validation-selected checkpoint,990,0.778380819668259,0.7799718413362763,0.7868686868686868,0.781393756978924,0.7799718413362763,0.783739227377317,0.9291414847321101,0.7167506571770027,0.9405920435564498,0.1641025301783976,0.3401948404770985,0.5608695652173913,Meningioma
A4,Diffusion + fixed QCNN branch,7,diffusion_i5_k15,plain_ce,baseline_fixed_qcnn,,logs/train/runs/step21_ablation_swin/A4/seed_7/checkpoints/epoch_023.ckpt,computed by step21 from the validation-selected checkpoint,990,0.3444734101965152,0.4466614999791771,0.46565656565656566,0.5332429948015722,0.4466614999791771,0.3568253037103308,0.8187132535704541,0.3699886193064922,0.780320556464478,0.10969073832637131,0.6357693179202952,0.0,Glioma
A4,Diffusion + fixed QCNN branch,42,diffusion_i5_k15,plain_ce,baseline_fixed_qcnn,,logs/train/runs/step21_ablation_swin/A4/seed_42/checkpoints/epoch_027.ckpt,computed by step21 from the validation-selected checkpoint,990,0.4450511287779846,0.5123523199337832,0.5262626262626262,0.43617891303223094,0.5123523199337832,0.45438250613948483,0.8410796717477977,0.41325349287590185,0.839531335108319,0.15257487471657574,0.6337338417876933,0.0,Glioma
A4,Diffusion + fixed QCNN branch,123,diffusion_i5_k15,plain_ce,baseline_fixed_qcnn,,logs/train/runs/step21_ablation_swin/A4/seed_123/checkpoints/epoch_010.ckpt,computed by step21 from the validation-selected checkpoint,990,0.3246828461114175,0.4443359375,0.44646464646464645,0.2929639804639805,0.4443359375,0.329445363731078,0.8163922720856176,0.3804977888250325,0.8021342679477166,0.12374052179582194,0.6662691650144004,0.0,Meningioma
A5,Diffusion + adaptive quantum branch,7,diffusion_i5_k15,plain_ce,branch_adaptive_quantum,,logs/train/runs/step21_ablation_swin/A5/seed_7/checkpoints/epoch_028.ckpt,computed by step21 from the validation-selected checkpoint,990,0.9152972118262527,0.915325248737514,0.9181818181818182,0.9156644071884679,0.915325248737514,0.9178931530215668,0.97294579173556,0.8909271415402507,0.9873376964986971,0.018045051350738053,0.11903029682435907,0.8391304347826087,Meningioma
A5,Diffusion + adaptive quantum branch,42,diffusion_i5_k15,plain_ce,branch_adaptive_quantum,,logs/train/runs/step21_ablation_swin/A5/seed_42/checkpoints/epoch_027.ckpt,computed by step21 from the validation-selected checkpoint,990,0.9026512445900728,0.9026957164261233,0.906060606060606,0.903300213691566,0.9026957164261233,0.9054679097255692,0.968883129456992,0.8748227424784053,0.98744661446199,0.014531745693900387,0.1283483037950708,0.808695652173913,Meningioma
A5,Diffusion + adaptive quantum branch,123,diffusion_i5_k15,plain_ce,branch_adaptive_quantum,,logs/train/runs/step21_ablation_swin/A5/seed_123/checkpoints/epoch_025.ckpt,computed by step21 from the validation-selected checkpoint,990,0.8994994279963041,0.8992408285633418,0.902020202020202,0.9010090441476826,0.8992408285633418,0.902273461894344,0.9676078181155412,0.8696409852294261,0.9856084187787427,0.02674562891926427,0.1309554553688979,0.8304347826086956,Meningioma
A6,Diffusion + adaptive multiscale + adaptive quantum + fusion,7,diffusion_i5_k15,plain_ce,final_classifier,a6_diffusion_swin,logs/train/runs/step21_ablation_swin/A6/seed_7/checkpoints/epoch_003.ckpt,computed by step21 from the validation-selected checkpoint,990,0.979314875083886,0.9790887614641753,0.9797979797979798,0.9796348229383602,0.9790887614641753,0.9797835936564803,0.9932805240889919,0.973071369599597,0.9986079182350905,0.05226984316050402,0.03513883266141731,0.9565217391304348,Meningioma
A6,Diffusion + adaptive multiscale + adaptive quantum + fusion,42,diffusion_i5_k15,plain_ce,final_classifier,a6_diffusion_swin,logs/train/runs/step21_ablation_swin/A6/seed_42/checkpoints/epoch_004.ckpt,computed by step21 from the validation-selected checkpoint,990,0.9802714292196206,0.9800653239641753,0.9808080808080808,0.980546512274059,0.9800653239641753,0.9807824011417143,0.9936234596171126,0.974410387157202,0.9980284595230918,0.045524617818870884,0.03266097788074082,0.9565217391304348,Meningioma
A6,Diffusion + adaptive multiscale + adaptive quantum + fusion,123,diffusion_i5_k15,plain_ce,final_classifier,a6_diffusion_swin,logs/train/runs/step21_ablation_swin/A6/seed_123/checkpoints/epoch_003.ckpt,computed by step21 from the validation-selected checkpoint,990,0.9823633896317391,0.9823101891858854,0.9828282828282828,0.9824206892876797,0.9823101891858854,0.9828185376680109,0.9943116667464339,0.9770866303241499,0.9988239107065696,0.04884286161625019,0.03289731345328513,0.9652173913043478,Meningioma
A7,Core model + imbalance-aware loss,7,diffusion_i5_k15,focal,final_classifier,a6_diffusion_swin,logs/train/runs/step21_ablation_swin/A7/seed_7/checkpoints/epoch_001.ckpt,computed by step21 from the validation-selected checkpoint,990,0.9783090991615637,0.9781181048171902,0.9787878787878788,0.9786722621480792,0.9781181048171902,0.9788151157925464,0.992954762519865,0.971751004992403,0.9985249711712607,0.19426502952672012,0.08841625636919649,0.9608695652173913,Meningioma
A7,Core model + imbalance-aware loss,42,diffusion_i5_k15,focal,final_classifier,a6_diffusion_swin,logs/train/runs/step21_ablation_swin/A7/seed_42/checkpoints/epoch_016.ckpt,computed by step21 from the validation-selected checkpoint,990,0.9845251532779782,0.9845422521667407,0.9848484848484849,0.9845714070926439,0.9845422521667407,0.984871929607994,0.99498439936919,0.9798024493028095,0.996032014002285,0.06476140720675685,0.0345506539678275,0.9753086419753086,Glioma
A7,Core model + imbalance-aware loss,123,diffusion_i5_k15,focal,final_classifier,a6_diffusion_swin,logs/train/runs/step21_ablation_swin/A7/seed_123/checkpoints/epoch_003.ckpt,computed by step21 from the validation-selected checkpoint,990,0.9823633896317391,0.9823101891858854,0.9828282828282828,0.9824206892876797,0.9823101891858854,0.9828185376680109,0.9943116667464339,0.9770866303241499,0.9988401512679977,0.12451301481988691,0.0534191909340403,0.9652173913043478,Meningioma
A8,Core model + explainability and uncertainty,7,diffusion_i5_k15,focal,final_classifier,a6_diffusion_swin,logs/train/runs/step21_ablation_swin/A7/seed_7/checkpoints/epoch_001.ckpt,identical to A7 by construction; explanations change no weights,990,0.9783090991615637,0.9781181048171902,0.9787878787878788,0.9786722621480792,0.9781181048171902,0.9788151157925464,0.992954762519865,0.971751004992403,0.9985249711712607,0.19426502952672012,0.08841625636919649,0.9608695652173913,Meningioma
A8,Core model + explainability and uncertainty,42,diffusion_i5_k15,focal,final_classifier,a6_diffusion_swin,logs/train/runs/step21_ablation_swin/A7/seed_42/checkpoints/epoch_016.ckpt,identical to A7 by construction; explanations change no weights,990,0.9845251532779782,0.9845422521667407,0.9848484848484849,0.9845714070926439,0.9845422521667407,0.984871929607994,0.99498439936919,0.9798024493028095,0.996032014002285,0.06476140720675685,0.0345506539678275,0.9753086419753086,Glioma
A8,Core model + explainability and uncertainty,123,diffusion_i5_k15,focal,final_classifier,a6_diffusion_swin,logs/train/runs/step21_ablation_swin/A7/seed_123/checkpoints/epoch_003.ckpt,identical to A7 by construction; explanations change no weights,990,0.9823633896317391,0.9823101891858854,0.9828282828282828,0.9824206892876797,0.9823101891858854,0.9828185376680109,0.9943116667464339,0.9770866303241499,0.9988401512679977,0.12451301481988691,0.0534191909340403,0.9652173913043478,Meningioma
P,Proposed model as shipped,42,diffusion_i5_k15,focal,final_classifier,swin,logs/train/runs/step15_final_swin/seed_42,reused from Step 16 (logs/analyze/runs/step16_internal_swin/seed_42/step16_internal_summary.json),990,0.9823798783532688,0.9825240808415237,0.9828282828282828,0.9825288468271379,0.9825240808415237,0.9828894938802384,0.9943462174450455,0.9771796553526976,0.9986131343969784,0.08515397207905544,0.04317887340932518,0.9629629629629629,Glioma
