variance,correct
0.011411910876631737,True
0.004425108432769775,True
0.001519274665042758,True
0.006441553123295307,True
0.010099867358803749,True
0.009924011304974556,True
0.006607393268495798,True
0.01127456035465002,True
0.0065090106800198555,True
0.01623920537531376,True
0.016073083505034447,True
0.007860830053687096,True
0.01060642208904028,True
0.004599979147315025,True
0.00493355980142951,True
0.015638098120689392,True
0.00475096283480525,True
0.004957978148013353,True
0.00761127145960927,True
0.024459484964609146,True
0.0056330361403524876,True
0.01680496148765087,True
0.003623955650255084,True
0.012372544035315514,True
0.00788813829421997,True
0.005511571653187275,True
0.010257613845169544,True
0.013658244162797928,True
0.009468607604503632,True
0.01358187384903431,True
0.015043433755636215,True
0.0020871981978416443,True
0.014635268598794937,True
0.007918124087154865,True
0.011570782400667667,True
0.025423413142561913,True
0.0029678032733500004,True
0.015364959836006165,True
0.03208763524889946,True
0.00809653289616108,True
0.007173652295023203,True
0.007159855216741562,True
0.007694041356444359,True
0.0035873232409358025,True
0.019635474309325218,True
0.00594465434551239,True
0.008159449324011803,True
0.01340585295110941,True
0.0038441605865955353,True
0.0052695609629154205,True
0.00859595276415348,True
0.007887141779065132,True
0.03893478959798813,True
0.013106602244079113,True
0.029079759493470192,False
0.0030410336330533028,True
0.015848368406295776,True
0.014024894684553146,True
0.005999119486659765,True
0.014390967786312103,True
0.006404384505003691,True
0.025849968194961548,True
0.009812281467020512,True
0.015359992161393166,True
0.01144026406109333,True
0.006512855179607868,True
0.010331736877560616,True
0.009406015276908875,True
0.003176027210429311,True
0.01493036188185215,True
0.015033679082989693,True
0.008943900465965271,True
0.0056392052210867405,True
0.005713631398975849,False
0.01279335655272007,True
0.02903391607105732,True
0.011489053256809711,True
0.016399865970015526,True
0.016395529732108116,True
0.02772054821252823,True
0.004604163579642773,True
0.004628520458936691,True
0.013229978270828724,True
0.0170393455773592,True
0.004352216608822346,True
0.0028958702459931374,True
0.003201159182935953,True
0.008814521133899689,True
0.015753118321299553,True
0.020687531679868698,True
0.009974859654903412,False
0.019132360816001892,True
0.012357806786894798,True
0.0031675738282501698,True
0.02336115390062332,True
0.007048148661851883,True
0.0057618808932602406,True
0.014199996367096901,True
0.00285151693969965,True
0.0043522659689188,True
0.012031147256493568,True
0.019222844392061234,True
0.008777406997978687,True
0.016698287799954414,True
0.014265263453125954,True
0.004529929254204035,True
0.004203097894787788,True
0.010342861525714397,True
0.01318097859621048,True
0.00860297679901123,True
0.008980514481663704,True
0.004997044336050749,True
0.005282519850879908,True
0.00519429100677371,True
0.00714727072045207,True
0.011062279343605042,True
0.006837828084826469,True
0.004175406880676746,True
0.005696388892829418,True
0.012702923268079758,True
0.004161586984992027,True
0.015225648880004883,True
0.016739465296268463,True
0.002949510235339403,True
0.0012978577287867665,True
0.010719286277890205,True
0.00582891795784235,True
0.01233275979757309,True
0.007019093260169029,True
0.012441467493772507,True
0.006181037053465843,True
0.017556000500917435,True
0.00450187548995018,True
0.016552716493606567,True
0.005289282184094191,True
0.013417139649391174,True
0.013203905895352364,True
0.005770260468125343,True
0.017664819955825806,True
0.006797898560762405,True
0.00508498027920723,True
0.011916887015104294,True
0.007906335406005383,True
0.0075407493859529495,True
0.016025612130761147,True
0.0017456235364079475,True
0.004916536621749401,True
0.005156427156180143,True
0.0053922818042337894,True
0.007396060973405838,True
0.017924321815371513,True
0.011865654028952122,True
0.007077009417116642,True
0.005585901439189911,True
0.006351723801344633,True
0.017336346209049225,True
0.0029257540591061115,True
0.010753339156508446,True
0.010846257209777832,True
0.010449115186929703,True
0.0028183243703097105,True
0.010074738413095474,True
0.009131506085395813,True
0.023660413920879364,True
0.004576131701469421,True
0.017835119739174843,True
0.004792819730937481,True
0.002409367123618722,True
0.010059120133519173,True
0.01780848391354084,True
0.041408367455005646,True
0.01821957156062126,True
0.007486186921596527,True
0.005170883610844612,True
0.008769538253545761,True
0.01786733791232109,True
0.004214651882648468,True
0.016401879489421844,True
0.0059195710346102715,True
0.014690477401018143,True
0.01185169443488121,True
0.017289210110902786,True
0.006442902609705925,True
0.016092760488390923,True
0.0020450835581868887,True
0.01185641996562481,True
0.019252834841609,True
0.011033819057047367,True
0.009124374017119408,True
0.004334479570388794,True
0.010771346278488636,True
0.004819071851670742,True
0.0035723247565329075,True
0.019701071083545685,True
0.010788245126605034,True
0.007427849806845188,True
0.009933969005942345,True
0.006306120660156012,True
0.013002653606235981,True
0.006346362642943859,True
0.007511227857321501,True
0.003319895826280117,True
0.003228608286008239,True
0.0063454341143369675,True
0.019019022583961487,True
0.00658352579921484,True
0.006427727174013853,False
0.014679571613669395,True
0.010334428399801254,True
0.009408138692378998,True
0.007928987964987755,True
0.009151315316557884,True
0.017247170209884644,True
0.008220172487199306,True
0.007693354040384293,True
0.008778035640716553,True
0.019740398973226547,True
0.007551067508757114,True
0.008927423506975174,True
0.01721341721713543,False
0.010239807888865471,True
0.004703006707131863,True
0.01314302533864975,True
0.0015545906499028206,True
0.01746748574078083,False
0.004738903604447842,True
0.0167982280254364,True
0.0034958755131810904,True
0.006835129112005234,True
0.01231365092098713,True
0.0020959521643817425,True
0.013698678463697433,True
0.020380353555083275,True
0.01945449411869049,True
0.024477388709783554,True
0.0026850090362131596,True
0.00622602179646492,True
0.012677878141403198,True
0.004827084485441446,True
0.010280465707182884,True
0.019668657332658768,True
0.010857593268156052,True
0.004061814397573471,True
0.00389651907607913,True
0.010267206467688084,True
0.009829395450651646,True
0.0016648753080517054,True
0.017133770510554314,True
0.0020691470708698034,True
0.008947739377617836,True
0.004573763348162174,True
0.004425571300089359,True
0.008475899696350098,True
0.0150077436119318,True
0.01171796303242445,True
0.007541868835687637,True
0.015178365632891655,True
0.00562153197824955,True
0.02084892801940441,True
0.012394849210977554,True
0.011862863786518574,True
0.005501556675881147,True
0.008402389474213123,True
0.00983098242431879,True
0.010532436892390251,True
0.005929199978709221,True
0.005257963668555021,True
0.010286953300237656,True
0.009687516838312149,True
0.01050823274999857,True
0.011685005389153957,True
0.020046977326273918,True
0.005336351692676544,True
0.01926773227751255,True
0.016111766919493675,True
0.005095459520816803,True
0.013190346769988537,True
0.009170291014015675,True
0.005787303671240807,True
0.005869835615158081,True
0.004278173670172691,True
0.014981541782617569,True
0.01060724537819624,True
0.00929167214781046,True
0.01111430861055851,True
0.006244848947972059,True
0.0043007927015423775,True
0.012537317350506783,True
0.006433499976992607,True
0.01461716927587986,True
0.012490831315517426,True
0.006317385472357273,True
0.003847056534141302,True
0.0031452286057174206,True
0.003560071811079979,True
0.009926431812345982,True
0.003442130284383893,True
0.010648674331605434,True
0.006313939578831196,True
0.008889789693057537,True
