condition,receptive_field_strategy,fusion,adaptive,arm,seed,total_parameters,recipe,loss,augment,use_weighted_sampler,n_samples,macro_f1,accuracy,balanced_accuracy,macro_precision,macro_recall_sensitivity,weighted_f1,mcc,min_class_recall,worst_class,statistical_role,checkpoint,provenance
FIXED_3X3,single 3x3 convolution (3x3 effective),n/a - single path,False,arm1_fixed_3x3,7,19716,,plain_ce,False,False,990,0.7362969688048167,0.7464646464646465,0.7385358066047994,0.7498272239930455,0.7385358066047994,0.741507553418959,0.6662843831102778,0.4782608695652174,Meningioma,supporting,/kaggle/working/thesis/logs/train/runs/step24_receptive_field/FIXED_3X3/seed_7/checkpoints/epoch_021.ckpt,computed by step24 from the validation-selected checkpoint; no training metrics were read
FIXED_3X3,single 3x3 convolution (3x3 effective),n/a - single path,False,arm1_fixed_3x3,42,19716,,plain_ce,False,False,990,0.7214540453266465,0.7383838383838384,0.7285016333943368,0.7398588102969302,0.7285016333943368,0.727624279833717,0.6579372352538612,0.40869565217391307,Meningioma,supporting,/kaggle/working/thesis/logs/train/runs/step24_receptive_field/FIXED_3X3/seed_42/checkpoints/epoch_015.ckpt,computed by step24 from the validation-selected checkpoint; no training metrics were read
FIXED_3X3,single 3x3 convolution (3x3 effective),n/a - single path,False,arm1_fixed_3x3,123,19716,,plain_ce,False,False,990,0.7270354617519496,0.7363636363636363,0.7287346199585393,0.7408300984094258,0.7287346199585393,0.7322030408958196,0.6525692946760449,0.47391304347826085,Meningioma,supporting,/kaggle/working/thesis/logs/train/runs/step24_receptive_field/FIXED_3X3/seed_123/checkpoints/epoch_024.ckpt,computed by step24 from the validation-selected checkpoint; no training metrics were read
FIXED_5X5,single 5x5 convolution (5x5 effective),n/a - single path,False,arm2_fixed_5x5,7,36100,,plain_ce,False,False,990,0.7744433350388333,0.7848484848484848,0.7771721163434486,0.7836812159147634,0.7771721163434486,0.7794664000543965,0.716358143279439,0.5173913043478261,Meningioma,supporting,/kaggle/working/thesis/logs/train/runs/step24_receptive_field/FIXED_5X5/seed_7/checkpoints/epoch_028.ckpt,computed by step24 from the validation-selected checkpoint; no training metrics were read
FIXED_5X5,single 5x5 convolution (5x5 effective),n/a - single path,False,arm2_fixed_5x5,42,36100,,plain_ce,False,False,990,0.7744321683293496,0.7838383838383839,0.7766695042717838,0.7785782116307953,0.7766695042717838,0.7795427083786378,0.7132321433778952,0.5391304347826087,Meningioma,supporting,/kaggle/working/thesis/logs/train/runs/step24_receptive_field/FIXED_5X5/seed_42/checkpoints/epoch_022.ckpt,computed by step24 from the validation-selected checkpoint; no training metrics were read
FIXED_5X5,single 5x5 convolution (5x5 effective),n/a - single path,False,arm2_fixed_5x5,123,36100,,plain_ce,False,False,990,0.7673103567882553,0.7747474747474747,0.7676458609526255,0.7769604803239007,0.7676458609526255,0.7721010994085478,0.7024982251130522,0.5478260869565217,Meningioma,supporting,/kaggle/working/thesis/logs/train/runs/step24_receptive_field/FIXED_5X5/seed_123/checkpoints/epoch_022.ckpt,computed by step24 from the validation-selected checkpoint; no training metrics were read
FIXED_DILATED_3X3,"single 3x3 convolution, dilation 3 (7x7 effective)",n/a - single path,False,arm3_fixed_dilated,7,19716,,plain_ce,False,False,990,0.762881086611849,0.7747474747474747,0.7662720759122753,0.774451134904519,0.7662720759122753,0.7684170132727101,0.7040144075216942,0.4956521739130435,Meningioma,supporting,/kaggle/working/thesis/logs/train/runs/step24_receptive_field/FIXED_DILATED_3X3/seed_7/checkpoints/epoch_025.ckpt,computed by step24 from the validation-selected checkpoint; no training metrics were read
FIXED_DILATED_3X3,"single 3x3 convolution, dilation 3 (7x7 effective)",n/a - single path,False,arm3_fixed_dilated,42,19716,,plain_ce,False,False,990,0.7614353198406206,0.7727272727272727,0.7648164801665525,0.767599031851813,0.7648164801665525,0.7669667416012643,0.699227808776585,0.5043478260869565,Meningioma,supporting,/kaggle/working/thesis/logs/train/runs/step24_receptive_field/FIXED_DILATED_3X3/seed_42/checkpoints/epoch_027.ckpt,computed by step24 from the validation-selected checkpoint; no training metrics were read
FIXED_DILATED_3X3,"single 3x3 convolution, dilation 3 (7x7 effective)",n/a - single path,False,arm3_fixed_dilated,123,19716,,plain_ce,False,False,990,0.7535823007371335,0.7626262626262627,0.7552775490630457,0.7620007808778227,0.7552775490630457,0.7587240236502243,0.686047485928765,0.5173913043478261,Meningioma,supporting,/kaggle/working/thesis/logs/train/runs/step24_receptive_field/FIXED_DILATED_3X3/seed_123/checkpoints/epoch_026.ckpt,computed by step24 from the validation-selected checkpoint; no training metrics were read
MULTISCALE_NO_GATE,parallel 3x3 + 5x5 + dilated 3x3,ungated: concatenation followed by a learned 1x1 projection,False,arm4_concat_nogate,7,57828,,plain_ce,False,False,990,0.8173015550798455,0.8222222222222222,0.8166543367976505,0.8239452007236358,0.8166543367976505,0.8215287619433924,0.7646022364876905,0.6565217391304348,Meningioma,primary (H24),/kaggle/working/thesis/logs/train/runs/step24_receptive_field/MULTISCALE_NO_GATE/seed_7/checkpoints/epoch_028.ckpt,computed by step24 from the validation-selected checkpoint; no training metrics were read
MULTISCALE_NO_GATE,parallel 3x3 + 5x5 + dilated 3x3,ungated: concatenation followed by a learned 1x1 projection,False,arm4_concat_nogate,42,57828,,plain_ce,False,False,990,0.8056459392267596,0.8131313131313131,0.8063868299742876,0.8119065849815026,0.8063868299742876,0.8105074501451044,0.7528096526580277,0.5956521739130435,Meningioma,primary (H24),/kaggle/working/thesis/logs/train/runs/step24_receptive_field/MULTISCALE_NO_GATE/seed_42/checkpoints/epoch_029.ckpt,computed by step24 from the validation-selected checkpoint; no training metrics were read
MULTISCALE_NO_GATE,parallel 3x3 + 5x5 + dilated 3x3,ungated: concatenation followed by a learned 1x1 projection,False,arm4_concat_nogate,123,57828,,plain_ce,False,False,990,0.8062821740838982,0.8141414141414142,0.8073821005681573,0.8116845894595113,0.8073821005681573,0.8111231690120579,0.7539511589076513,0.5956521739130435,Meningioma,primary (H24),/kaggle/working/thesis/logs/train/runs/step24_receptive_field/MULTISCALE_NO_GATE/seed_123/checkpoints/epoch_022.ckpt,computed by step24 from the validation-selected checkpoint; no training metrics were read
ADAPTIVE_MULTISCALE,parallel 3x3 + 5x5 + dilated 3x3,"spatially adaptive: per-pixel softmax over the three paths, fused as a convex combination",True,arm6_spatial_gate,7,56359,,plain_ce,False,False,990,0.756930876826138,0.7707070707070707,0.7615221155818696,0.7708826300206986,0.7615221155818696,0.7627721551145249,0.6998570766423308,0.4652173913043478,Meningioma,primary (H24),/kaggle/working/thesis/logs/train/runs/step24_receptive_field/ADAPTIVE_MULTISCALE/seed_7/checkpoints/epoch_020.ckpt,computed by step24 from the validation-selected checkpoint; no training metrics were read
ADAPTIVE_MULTISCALE,parallel 3x3 + 5x5 + dilated 3x3,"spatially adaptive: per-pixel softmax over the three paths, fused as a convex combination",True,arm6_spatial_gate,42,56359,,plain_ce,False,False,990,0.769553222323372,0.7818181818181819,0.7735800647130138,0.7768918986416636,0.7735800647130138,0.7752743110453041,0.7120289526885069,0.49130434782608695,Meningioma,primary (H24),/kaggle/working/thesis/logs/train/runs/step24_receptive_field/ADAPTIVE_MULTISCALE/seed_42/checkpoints/epoch_022.ckpt,computed by step24 from the validation-selected checkpoint; no training metrics were read
ADAPTIVE_MULTISCALE,parallel 3x3 + 5x5 + dilated 3x3,"spatially adaptive: per-pixel softmax over the three paths, fused as a convex combination",True,arm6_spatial_gate,123,56359,,plain_ce,False,False,990,0.7753125127764514,0.7838383838383839,0.776821365792798,0.7798098544067621,0.776821365792798,0.7806126819259901,0.7131432574203787,0.5521739130434783,Meningioma,primary (H24),/kaggle/working/thesis/logs/train/runs/step24_receptive_field/ADAPTIVE_MULTISCALE/seed_123/checkpoints/epoch_026.ckpt,computed by step24 from the validation-selected checkpoint; no training metrics were read
